Analysis,Component name,Id numeric,Result text,Result type,Result value
D_PH,pH,242870,7.4,N,7.350
M-034,Recuento de Pseudomonas aeruginosa,242870,<1,N,1.000
D_CONDUCT,Conductividad a 20 ºC,242870,871,N,871.200
AMONI-CI-P,Amonio,242870,<0.15,N,0.000
D_TURBIDEZ,Turbidez,242870,<0.4,N,0.170
FECHA-AMB,Fecha comienzo de los ensayos,242870,15/12/2025,T,0.000
FECHA-AMB,Fecha fin de los ensayos,242870,17/12/2025,T,0.000
FECHA-LEG,Análisis Legionella-Fecha de inicio,242870,16/12/2025,T,0.000
FECHA-LEG,Análisis Legionella-Fecha fin,242870,26/12/2025,T,0.000
FECHA-MI,Fecha comienzo de los ensayos,242870,15/12/2025,T,0.000
FECHA-MI,Fecha fin de los ensayos,242870,17/12/2025,T,0.000
M-019-AC1,Recuento de Estafilococos coagulasa +,242870,0,N,0.000
M-027,Recuento de E. coli,242870,<1,N,1.000
M-027,Recuento de bacterias coliformes,242870,<1,N,1.000
M-033-AC2,Legionella spp - Recuento,242870,No detectado,O,0.000
M-033-AC2,Legionella-Limite detección ensayo,242870,25 ufc/L,O,0.000
M-033-AC2,Legionella-Volumen filtrado,242870,1,N,1.000
D_OXIDABIL,Oxidabilidad,242870,0.90,N,0.900
D_PH,pH,242872,7.4,N,7.400
D_OXIDABIL,Oxidabilidad,242872,0.90,N,0.900
D_CONDUCT,Conductividad a 20 ºC,242872,1355,N,1355.000
AMONI-CI-P,Amonio,242872,<0.15,N,0.000
D_TURBIDEZ,Turbidez,242872,<0.4,N,0.180
M-034,Recuento de Pseudomonas aeruginosa,242872,<1,N,1.000
M-033-AC2,Legionella-Volumen filtrado,242872,1,N,1.000
M-033-AC2,Legionella-Limite detección ensayo,242872,25 ufc/L,O,0.000
M-033-AC2,Legionella spp - Recuento,242872,No detectado,O,0.000
M-027,Recuento de bacterias coliformes,242872,3,N,3.000
M-027,Recuento de E. coli,242872,<1,N,1.000
M-019-AC1,Recuento de Estafilococos coagulasa +,242872,0,N,0.000
FECHA-MI,Fecha fin de los ensayos,242872,17/12/2025,T,0.000
FECHA-MI,Fecha comienzo de los ensayos,242872,15/12/2025,T,0.000
FECHA-AMB,Fecha comienzo de los ensayos,242872,15/12/2025,T,0.000
FECHA-AMB,Fecha fin de los ensayos,242872,17/12/2025,T,0.000
FECHA-LEG,Análisis Legionella-Fecha de inicio,242872,16/12/2025,T,0.000
FECHA-LEG,Análisis Legionella-Fecha fin,242872,26/12/2025,T,0.000
FECHA-MI,Fecha fin de los ensayos,242873,22/12/2025,T,0.000
FECHA-MI,Fecha comienzo de los ensayos,242873,15/12/2025,T,0.000
ENVASE,Envase,242873,Vidrio 500ml,O,0.000
BIOCIDA,Biocida nombre,242873,hipoclorito,T,0.000
PE-IL-TEMP,Temperatura del agua,242873,37.6,N,37.600
PE-IL-CL,Cloro libre,242873,0.0,N,0.000
M-021,Recuento transformado,242873,1.0E+01,K,10.000
M-021,Recuento de Legionella pneumophila,242873,<10,N,10.000
M-021,Recuento,242873,<10,N,10.000
BIOCIDA,Biocida neutralizante,242873,tiosulfato,T,0.000
BIOCIDA,Biocida neutralizante,243041,tiosulfato sódico,T,0.000
M-033-AC2,Legionella spp - Recuento,243041,No detectado,O,0.000
ENVASE,Envase,243041,Vidrio 1L,O,0.000
FECHA-LEG,Análisis Legionella-Fecha de inicio,243041,09/01/2026,T,0.000
FECHA-LEG,Análisis Legionella-Fecha fin,243041,19/01/2026,T,0.000
BIOCIDA,Biocida nombre,243041,hipoclorito sódico,T,0.000
M-033-AC2,Legionella-Limite detección ensayo,243041,25 ufc/L,O,0.000
M-033-AC2,Legionella-Volumen filtrado,243041,1,N,1.000
PE-IL-CL,Cloro libre,243041,0.0,N,0.000
PE-IL-TEMP,Temperatura del agua,243041,62.0,N,62.000
FECHA-LEG,Análisis Legionella-Fecha fin,243042,19/01/2026,T,0.000
FECHA-LEG,Análisis Legionella-Fecha de inicio,243042,09/01/2026,T,0.000
ENVASE,Envase,243042,Vidrio 1L,O,0.000
BIOCIDA,Biocida nombre,243042,hipoclorito sódico,T,0.000
PE-IL-TEMP,Temperatura del agua,243042,48.0,N,48.000
M-033-AC2,Legionella spp - Recuento,243042,No detectado,O,0.000
M-033-AC2,Legionella-Limite detección ensayo,243042,25 ufc/L,O,0.000
M-033-AC2,Legionella-Volumen filtrado,243042,1,N,1.000
PE-IL-CL,Cloro libre,243042,0.0,N,0.000
BIOCIDA,Biocida neutralizante,243042,tiosulfato sódico,T,0.000
PE-IL-TEMP,Temperatura del agua,243043,46.0,N,46.000
PE-IL-CL,Cloro libre,243043,0.0,N,0.000
M-033-AC2,Legionella-Volumen filtrado,243043,1,N,1.000
FECHA-LEG,Análisis Legionella-Fecha fin,243043,19/01/2026,T,0.000
M-033-AC2,Legionella spp - Recuento,243043,No detectado,O,0.000
M-033-AC2,Legionella-Limite detección ensayo,243043,25 ufc/L,O,0.000
FECHA-LEG,Análisis Legionella-Fecha de inicio,243043,09/01/2026,T,0.000
ENVASE,Envase,243043,Vidrio 1L,O,0.000
BIOCIDA,Biocida nombre,243043,hipoclorito sódico,T,0.000
BIOCIDA,Biocida neutralizante,243043,tiosulfato sódico,T,0.000
M-033-AC2,Legionella-Limite detección ensayo,243044,25 ufc/L,O,0.000
M-033-AC2,Legionella-Volumen filtrado,243044,1,N,1.000
PE-IL-CL,Cloro libre,243044,0.0,N,0.000
PE-IL-TEMP,Temperatura del agua,243044,46.0,N,46.000
M-033-AC2,Legionella spp - Recuento,243044,No detectado,O,0.000
FECHA-LEG,Análisis Legionella-Fecha de inicio,243044,09/01/2026,T,0.000
ENVASE,Envase,243044,Vidrio 1L,O,0.000
BIOCIDA,Biocida nombre,243044,hipoclorito sódico,T,0.000
BIOCIDA,Biocida neutralizante,243044,tiosulfato sódico,T,0.000
FECHA-LEG,Análisis Legionella-Fecha fin,243044,21/01/2026,T,0.000
BIOCIDA,Biocida neutralizante,243045,tiosulfato sódico,T,0.000
BIOCIDA,Biocida nombre,243045,hipoclorito sódico,T,0.000
ENVASE,Envase,243045,Vidrio 1L,O,0.000
FECHA-LEG,Análisis Legionella-Fecha de inicio,243045,09/01/2026,T,0.000
FECHA-LEG,Análisis Legionella-Fecha fin,243045,21/01/2026,T,0.000
M-033-AC2,Legionella spp - Recuento,243045,No detectado,O,0.000
PE-IL-TEMP,Temperatura del agua,243045,60.0,N,60.000
PE-IL-CL,Cloro libre,243045,0.0,N,0.000
M-033-AC2,Legionella-Limite detección ensayo,243045,25 ufc/L,O,0.000
M-033-AC2,Legionella-Volumen filtrado,243045,1,N,1.000
BIOCIDA,Biocida nombre,243046,hipoclorito sódico,T,0.000
ENVASE,Envase,243046,Vidrio 1L,O,0.000
FECHA-LEG,Análisis Legionella-Fecha de inicio,243046,09/01/2026,T,0.000
FECHA-LEG,Análisis Legionella-Fecha fin,243046,19/01/2026,T,0.000
PE-IL-TEMP,Temperatura del agua,243046,58.0,N,58.000
PE-IL-CL,Cloro libre,243046,0.0,N,0.000
M-033-AC2,Legionella-Volumen filtrado,243046,1,N,1.000
BIOCIDA,Biocida neutralizante,243046,tiosulfato sódico,T,0.000
M-033-AC2,Legionella spp - Recuento,243046,No detectado,O,0.000
M-033-AC2,Legionella-Limite detección ensayo,243046,25 ufc/L,O,0.000
D_CONDUCT,Conductividad a 20 ºC,243111,603,N,602.600
D_OXIDABIL,Oxidabilidad,243111,0.73,N,0.730
PE-IL-TEMP,Temperatura del agua,243111,27.1,N,27.100
PE-IL-BR-1,Bromo,243111,2.95,N,2.950
M-034,Recuento de Pseudomonas aeruginosa,243111,<1,N,1.000
M-027,Recuento de bacterias coliformes,243111,<1,N,1.000
M-027,Recuento de E. coli,243111,<1,N,1.000
M-019-AC1,Recuento de Estafilococos coagulasa +,243111,0,N,0.000
FECHA-MI,Fecha fin de los ensayos,243111,14/01/2026,T,0.000
FECHA-MI,Fecha comienzo de los ensayos,243111,12/01/2026,T,0.000
FECHA-AMB,Fecha fin de los ensayos,243111,12/01/2026,T,0.000
FECHA-AMB,Fecha comienzo de los ensayos,243111,12/01/2026,T,0.000
D_TURBIDEZ,Turbidez,243111,<0.4,N,0.160
D_PH,pH,243111,7.5,N,7.540
AMONI-CI-P,Amonio,243111,<0.15,N,0.000
D_CONDUCT,Conductividad a 20 ºC,243112,716,N,715.800
AMONI-CI-P,Amonio,243112,<0.15,N,0.000
D_PH,pH,243112,7.4,N,7.350
D_TURBIDEZ,Turbidez,243112,<0.4,N,0.120
FECHA-AMB,Fecha comienzo de los ensayos,243112,12/01/2026,T,0.000
FECHA-AMB,Fecha fin de los ensayos,243112,12/01/2026,T,0.000
FECHA-MI,Fecha comienzo de los ensayos,243112,12/01/2026,T,0.000
FECHA-MI,Fecha fin de los ensayos,243112,14/01/2026,T,0.000
M-019-AC1,Recuento de Estafilococos coagulasa +,243112,0,N,0.000
M-027,Recuento de E. coli,243112,<1,N,1.000
M-027,Recuento de bacterias coliformes,243112,<1,N,1.000
M-034,Recuento de Pseudomonas aeruginosa,243112,<1,N,1.000
PE-IL-TEMP,Temperatura del agua,243112,27.6,N,27.600
WMM-LM-CAM,Cloro combinado residual,243112,0.51,N,0.510
D_OXIDABIL,Oxidabilidad,243112,0.85,N,0.850
WMM-LM-CAM,Cloro libre residual,243112,1.27,N,1.270
AMONI-CI-P,Amonio,243113,<0.15,N,0.000
D_OXIDABIL,Oxidabilidad,243113,3.92,N,3.920
D_PH,pH,243113,7.7,N,7.680
D_TURBIDEZ,Turbidez,243113,0.5,N,0.520
FECHA-AMB,Fecha comienzo de los ensayos,243113,12/01/2026,T,0.000
FECHA-AMB,Fecha fin de los ensayos,243113,13/01/2026,T,0.000
FECHA-MI,Fecha comienzo de los ensayos,243113,12/01/2026,T,0.000
FECHA-MI,Fecha fin de los ensayos,243113,14/01/2026,T,0.000
M-019-AC1,Recuento de Estafilococos coagulasa +,243113,0,N,0.000
M-027,Recuento de E. coli,243113,<1,N,1.000
M-027,Recuento de bacterias coliformes,243113,<1,N,1.000
M-034,Recuento de Pseudomonas aeruginosa,243113,<1,N,1.000
PE-IL-BR-1,Bromo,243113,2.84,N,2.840
D_CONDUCT,Conductividad a 20 ºC,243113,1587,N,1587.000
PE-IL-TEMP,Temperatura del agua,243113,28.1,N,28.100
AMONI-CI-P,Amonio,243114,<0.15,N,0.000
PE-IL-TEMP,Temperatura del agua,243114,26.1,N,26.100
PE-IL-BR-1,Bromo,243114,4.31,N,4.310
M-034,Recuento de Pseudomonas aeruginosa,243114,<1,N,1.000
M-027,Recuento de bacterias coliformes,243114,<1,N,1.000
M-027,Recuento de E. coli,243114,<1,N,1.000
M-019-AC1,Recuento de Estafilococos coagulasa +,243114,0,N,0.000
FECHA-MI,Fecha fin de los ensayos,243114,14/01/2026,T,0.000
FECHA-MI,Fecha comienzo de los ensayos,243114,12/01/2026,T,0.000
FECHA-AMB,Fecha fin de los ensayos,243114,12/01/2026,T,0.000
FECHA-AMB,Fecha comienzo de los ensayos,243114,12/01/2026,T,0.000
D_TURBIDEZ,Turbidez,243114,<0.4,N,0.100
D_CONDUCT,Conductividad a 20 ºC,243114,424,N,424.300
D_OXIDABIL,Oxidabilidad,243114,0.77,N,0.770
D_PH,pH,243114,8.2,N,8.230
AMONI-CI-P,Amonio,243115,<0.15,N,0.000
BIOCIDA,Biocida neutralizante,243115,Tiosulfato sódico,T,0.000
BIOCIDA,Biocida nombre,243115,Hipoclorito sódico,T,0.000
D_CONDUCT,Conductividad a 20 ºC,243115,1616,N,1616.000
D_OXIDABIL,Oxidabilidad,243115,0.89,N,0.890
D_PH,pH,243115,7.9,N,7.850
D_TURBIDEZ,Turbidez,243115,0.4,N,0.400
ENVASE,Envase,243115,Vidrio 1L,O,0.000
FECHA-AMB,Fecha comienzo de los ensayos,243115,12/01/2026,T,0.000
FECHA-AMB,Fecha fin de los ensayos,243115,13/01/2026,T,0.000
FECHA-LEG,Análisis Legionella-Fecha de inicio,243115,12/01/2026,T,0.000
FECHA-LEG,Análisis Legionella-Fecha fin,243115,26/01/2026,T,0.000
FECHA-MI,Fecha comienzo de los ensayos,243115,12/01/2026,T,0.000
FECHA-MI,Fecha fin de los ensayos,243115,14/01/2026,T,0.000
M-019-AC1,Recuento de Estafilococos coagulasa +,243115,0,N,0.000
M-027,Recuento de E. coli,243115,<1,N,1.000
M-027,Recuento de bacterias coliformes,243115,<1,N,1.000
M-033-AC2,Legionella spp - Recuento,243115,No detectado,O,0.000
M-033-AC2,Legionella-Limite detección ensayo,243115,25 ufc/L,O,0.000
M-033-AC2,Legionella-Volumen filtrado,243115,1,N,1.000
M-034,Recuento de Pseudomonas aeruginosa,243115,<1,N,1.000
PE-IL-BR-1,Bromo,243115,3.11,N,3.110
PE-IL-TEMP,Temperatura del agua,243115,30.9,N,30.900
FECHA-MI,Fecha fin de los ensayos,243116,14/01/2026,T,0.000
D_TURBIDEZ,Turbidez,243116,<0.4,N,0.170
FECHA-LEG,Análisis Legionella-Fecha fin,243116,26/01/2026,T,0.000
FECHA-LEG,Análisis Legionella-Fecha de inicio,243116,12/01/2026,T,0.000
FECHA-AMB,Fecha fin de los ensayos,243116,12/01/2026,T,0.000
FECHA-AMB,Fecha comienzo de los ensayos,243116,12/01/2026,T,0.000
ENVASE,Envase,243116,Vidrio 1L,O,0.000
BIOCIDA,Biocida neutralizante,243116,Tiosulfato sódico,T,0.000
AMONI-CI-P,Amonio,243116,<0.15,N,0.000
PE-IL-TEMP,Temperatura del agua,243116,29.8,N,29.800
PE-IL-BR-1,Bromo,243116,2.53,N,2.530
M-034,Recuento de Pseudomonas aeruginosa,243116,<1,N,1.000
M-033-AC2,Legionella-Volumen filtrado,243116,1,N,1.000
M-033-AC2,Legionella-Limite detección ensayo,243116,25 ufc/L,O,0.000
M-033-AC2,Legionella spp - Recuento,243116,No detectado,O,0.000
M-027,Recuento de bacterias coliformes,243116,<1,N,1.000
M-027,Recuento de E. coli,243116,<1,N,1.000
M-019-AC1,Recuento de Estafilococos coagulasa +,243116,27,N,27.000
BIOCIDA,Biocida nombre,243116,hipoclorito sódico,T,0.000
D_CONDUCT,Conductividad a 20 ºC,243116,613,N,612.800
D_OXIDABIL,Oxidabilidad,243116,0.81,N,0.810
D_PH,pH,243116,7.8,N,7.830
FECHA-MI,Fecha comienzo de los ensayos,243116,12/01/2026,T,0.000
M-033-AC1,Recuento transformado,243117,2.9E+03,K,2900.000
M-033-AC1,Recuento,243117,2900,N,2900.000
M-033-AC1,Legionella spp - Recuento,243117,2.9E+03,N,2900.000
M-027,Recuento de bacterias coliformes,243117,<1,N,1.000
M-027,Recuento de E. coli,243117,<1,N,1.000
WMM-LM-CAM,Cloro libre residual,243117,0.11,N,0.110
FECHA-MI,Fecha fin de los ensayos,243117,14/01/2026,T,0.000
M-019-AC1,Recuento de Estafilococos coagulasa +,243117,0,N,0.000
WMM-LM-CAM,Cloro combinado residual,243117,0.74,N,0.740
PE-IL-TEMP,Temperatura del agua,243117,29.7,N,29.700
M-034,Recuento de Pseudomonas aeruginosa,243117,<1,N,1.000
M-033-AC3,Identificación de Legionella otras spp,243117,No detectado,O,0.000
M-033-AC3,Identificación de L. pneumophila sr 2-14,243117,Detectado,O,0.000
M-033-AC3,Identificación de L. pneumophila sr 1,243117,Detectado,O,0.000
M-033-AC1,Legionella volumen filtrado,243117,1,N,1.000
FECHA-MI,Fecha comienzo de los ensayos,243117,12/01/2026,T,0.000
FECHA-LEG,Análisis Legionella-Fecha fin,243117,26/01/2026,T,0.000
FECHA-LEG,Análisis Legionella-Fecha de inicio,243117,12/01/2026,T,0.000
AMONI-CI-P,Amonio,243117,<0.15,N,0.150
BIOCIDA,Biocida neutralizante,243117,Tiosulfato sódico,T,0.000
BIOCIDA,Biocida nombre,243117,Hipoclorito sódico,T,0.000
D_CONDUCT,Conductividad a 20 ºC,243117,382,N,381.600
D_OXIDABIL,Oxidabilidad,243117,1.45,N,1.450
D_PH,pH,243117,8.4,N,8.380
D_TURBIDEZ,Turbidez,243117,<0.4,N,0.240
ENVASE,Envase,243117,Vidrio 1L,O,0.000
FECHA-AMB,Fecha comienzo de los ensayos,243117,12/01/2026,T,0.000
FECHA-AMB,Fecha fin de los ensayos,243117,12/01/2026,T,0.000
D_OXIDABIL,Oxidabilidad,243118,<0.50,N,-0.070
D_CONDUCT,Conductividad a 20 ºC,243118,<15,N,0.998
D_TURBIDEZ,Turbidez,243118,<0.4,N,0.040
FECHA-AMB,Fecha comienzo de los ensayos,243118,12/01/2026,T,0.000
FECHA-AMB,Fecha fin de los ensayos,243118,12/01/2026,T,0.000
M-034,Recuento de Pseudomonas aeruginosa,243118,<1,N,1.000
FECHA-MI,Fecha fin de los ensayos,243118,14/01/2026,T,0.000
M-019-AC1,Recuento de Estafilococos coagulasa +,243118,0,N,0.000
M-027,Recuento de E. coli,243118,<1,N,1.000
M-027,Recuento de bacterias coliformes,243118,<1,N,1.000
FECHA-MI,Fecha comienzo de los ensayos,243118,12/01/2026,T,0.000
BIOCIDA,Biocida neutralizante,243134,tiosulfato sodico,T,0.000
BIOCIDA,Biocida nombre,243134,hipoclorito sódico,T,0.000
ENVASE,Envase,243134,Vidrio 500ml,O,0.000
FECHA-MI,Fecha comienzo de los ensayos,243134,15/01/2026,T,0.000
PE-IL-TEMP,Temperatura del agua,243134,54.9,N,54.900
M-021,Recuento,243134,124,N,124.000
M-021,Recuento de Legionella pneumophila,243134,120,N,120.000
M-021,Recuento transformado,243134,1.2E+02,K,120.000
PE-IL-CL,Cloro libre,243134,0.0,N,0.000
FECHA-MI,Fecha fin de los ensayos,243134,22/01/2026,T,0.000
FECHA-MI,Fecha fin de los ensayos,243135,22/01/2026,T,0.000
M-021,Recuento,243135,<10,N,10.000
M-021,Recuento de Legionella pneumophila,243135,<10,N,10.000
M-021,Recuento transformado,243135,1.0E+01,K,10.000
PE-IL-CL,Cloro libre,243135,0.0,N,0.000
PE-IL-TEMP,Temperatura del agua,243135,57,N,57.000
BIOCIDA,Biocida neutralizante,243135,tiosulfato sodico,T,0.000
BIOCIDA,Biocida nombre,243135,hipoclorito sódico,T,0.000
ENVASE,Envase,243135,Vidrio 500ml,O,0.000
FECHA-MI,Fecha comienzo de los ensayos,243135,15/01/2026,T,0.000
BIOCIDA,Biocida neutralizante,243136,tiosulfato sodico,T,0.000
BIOCIDA,Biocida nombre,243136,hipoclorito sódico,T,0.000
PE-IL-TEMP,Temperatura del agua,243136,34.9,N,34.900
PE-IL-CL,Cloro libre,243136,0.0,N,0.000
M-021,Recuento transformado,243136,1.0E+01,K,10.000
M-021,Recuento de Legionella pneumophila,243136,<10,N,10.000
M-021,Recuento,243136,<10,N,10.000
FECHA-MI,Fecha fin de los ensayos,243136,22/01/2026,T,0.000
FECHA-MI,Fecha comienzo de los ensayos,243136,15/01/2026,T,0.000
ENVASE,Envase,243136,Vidrio 500ml,O,0.000
BIOCIDA,Biocida neutralizante,243137,tiosulfato sodico,T,0.000
PE-IL-CL,Cloro libre,243137,0.0,N,0.000
PE-IL-TEMP,Temperatura del agua,243137,48.2,N,48.200
M-021,Recuento de Legionella pneumophila,243137,260,N,260.000
M-021,Recuento transformado,243137,2.6E+02,K,260.000
FECHA-MI,Fecha fin de los ensayos,243137,22/01/2026,T,0.000
FECHA-MI,Fecha comienzo de los ensayos,243137,15/01/2026,T,0.000
ENVASE,Envase,243137,Vidrio 500ml,O,0.000
BIOCIDA,Biocida nombre,243137,hipoclorito sódico,T,0.000
M-021,Recuento,243137,264,N,264.000
PE-IL-TEMP,Temperatura del agua,243138,70,N,70.000
PE-IL-CL,Cloro libre,243138,0.0,N,0.000
M-021,Recuento transformado,243138,1.0E+01,K,10.000
M-021,Recuento de Legionella pneumophila,243138,<10,N,10.000
M-021,Recuento,243138,<10,N,10.000
FECHA-MI,Fecha fin de los ensayos,243138,22/01/2026,T,0.000
FECHA-MI,Fecha comienzo de los ensayos,243138,15/01/2026,T,0.000
ENVASE,Envase,243138,Vidrio 500ml,O,0.000
BIOCIDA,Biocida nombre,243138,hipoclorito sódico,T,0.000
BIOCIDA,Biocida neutralizante,243138,tiosulfato sodico,T,0.000
BIOCIDA,Biocida neutralizante,243139,tiosulfato sodico,T,0.000
BIOCIDA,Biocida nombre,243139,hipoclorito sódico,T,0.000
ENVASE,Envase,243139,Vidrio 500ml,O,0.000
FECHA-MI,Fecha comienzo de los ensayos,243139,15/01/2026,T,0.000
FECHA-MI,Fecha fin de los ensayos,243139,22/01/2026,T,0.000
PE-IL-CL,Cloro libre,243139,0.0,N,0.000
M-021,Recuento transformado,243139,9.9E+02,K,990.000
M-021,Recuento de Legionella pneumophila,243139,990,N,990.000
M-021,Recuento,243139,989,N,989.000
PE-IL-TEMP,Temperatura del agua,243139,50,N,50.000
PE-IL-CL,Cloro libre,243140,0.0,N,0.000
M-021,Recuento transformado,243140,1.6E+03,K,1600.000
PE-IL-TEMP,Temperatura del agua,243140,46.5,N,46.500
BIOCIDA,Biocida neutralizante,243140,tiosulfato sodico,T,0.000
BIOCIDA,Biocida nombre,243140,hipoclorito sódico,T,0.000
ENVASE,Envase,243140,Vidrio 500ml,O,0.000
FECHA-MI,Fecha comienzo de los ensayos,243140,15/01/2026,T,0.000
FECHA-MI,Fecha fin de los ensayos,243140,22/01/2026,T,0.000
M-021,Recuento,243140,1566,N,1566.000
M-021,Recuento de Legionella pneumophila,243140,1.6E+03,N,1600.000
BIOCIDA,Biocida neutralizante,243141,tiosulfato sodico,T,0.000
PE-IL-CL,Cloro libre,243141,0.0,N,0.010
M-021,Recuento transformado,243141,1.9E+02,K,190.000
M-021,Recuento de Legionella pneumophila,243141,190,N,190.000
PE-IL-TEMP,Temperatura del agua,243141,22.1,N,22.100
FECHA-MI,Fecha fin de los ensayos,243141,22/01/2026,T,0.000
FECHA-MI,Fecha comienzo de los ensayos,243141,15/01/2026,T,0.000
ENVASE,Envase,243141,Vidrio 500ml,O,0.000
BIOCIDA,Biocida nombre,243141,hipoclorito sódico,T,0.000
M-021,Recuento,243141,187,N,187.000
PE-IL-CL,Cloro libre,243142,0.0,N,0.000
M-021,Recuento transformado,243142,3.9E+01,K,39.000
M-021,Recuento de Legionella pneumophila,243142,39,N,39.000
M-021,Recuento,243142,39,N,39.000
FECHA-MI,Fecha fin de los ensayos,243142,22/01/2026,T,0.000
FECHA-MI,Fecha comienzo de los ensayos,243142,15/01/2026,T,0.000
ENVASE,Envase,243142,Vidrio 500ml,O,0.000
BIOCIDA,Biocida nombre,243142,hipoclorito sódico,T,0.000
BIOCIDA,Biocida neutralizante,243142,tiosulfato sodico,T,0.000
PE-IL-TEMP,Temperatura del agua,243142,54.6,N,54.600
FECHA-MI,Fecha comienzo de los ensayos,243143,15/01/2026,T,0.000
ENVASE,Envase,243143,Vidrio 500ml,O,0.000
BIOCIDA,Biocida nombre,243143,hipoclorito sódico,T,0.000
BIOCIDA,Biocida neutralizante,243143,tiosulfato sodico,T,0.000
PE-IL-TEMP,Temperatura del agua,243143,45.1,N,45.100
M-021,Recuento,243143,<10,N,10.000
M-021,Recuento de Legionella pneumophila,243143,<10,N,10.000
M-021,Recuento transformado,243143,1.0E+01,K,10.000
PE-IL-CL,Cloro libre,243143,0.0,N,0.000
FECHA-MI,Fecha fin de los ensayos,243143,22/01/2026,T,0.000
FECHA-MI,Fecha comienzo de los ensayos,243144,15/01/2026,T,0.000
ENVASE,Envase,243144,Vidrio 500ml,O,0.000
BIOCIDA,Biocida nombre,243144,hipoclorito sódico,T,0.000
BIOCIDA,Biocida neutralizante,243144,tiosulfato sodico,T,0.000
FECHA-MI,Fecha fin de los ensayos,243144,22/01/2026,T,0.000
PE-IL-TEMP,Temperatura del agua,243144,51.3,N,51.300
PE-IL-CL,Cloro libre,243144,0.0,N,0.000
M-021,Recuento transformado,243144,3.6E+02,K,360.000
M-021,Recuento de Legionella pneumophila,243144,360,N,360.000
M-021,Recuento,243144,361,N,361.000
BIOCIDA,Biocida neutralizante,243148,tiosulfato sodico,T,0.000
BIOCIDA,Biocida nombre,243148,hipoclorito sódico,T,0.000
ENVASE,Envase,243148,Vidrio 500ml,O,0.000
FECHA-MI,Fecha comienzo de los ensayos,243148,15/01/2026,T,0.000
PE-IL-TEMP,Temperatura del agua,243148,46.5,N,46.500
M-021,Recuento transformado,243148,5.9E+03,K,5900.000
M-021,Recuento de Legionella pneumophila,243148,5.9E+03,N,5900.000
M-021,Recuento,243148,5897,N,5897.000
FECHA-MI,Fecha fin de los ensayos,243148,22/01/2026,T,0.000
PE-IL-CL,Cloro libre,243148,0.0,N,0.000
FECHA-MI,Fecha fin de los ensayos,243149,22/01/2026,T,0.000
M-021,Recuento,243149,>22726,N,22726.000
M-021,Recuento de Legionella pneumophila,243149,>2.3E+04,N,23000.000
M-021,Recuento transformado,243149,2.3E+04,K,23000.000
PE-IL-CL,Cloro libre,243149,0.0,N,0.000
PE-IL-TEMP,Temperatura del agua,243149,38.4,N,38.400
BIOCIDA,Biocida neutralizante,243149,tiosulfato sodico,T,0.000
BIOCIDA,Biocida nombre,243149,hipoclorito sódico,T,0.000
ENVASE,Envase,243149,Vidrio 500ml,O,0.000
FECHA-MI,Fecha comienzo de los ensayos,243149,15/01/2026,T,0.000
BIOCIDA,Biocida neutralizante,243150,tiosulfato sodico,T,0.000
BIOCIDA,Biocida nombre,243150,hipoclorito sódico,T,0.000
ENVASE,Envase,243150,Vidrio 500ml,O,0.000
FECHA-MI,Fecha comienzo de los ensayos,243150,15/01/2026,T,0.000
PE-IL-TEMP,Temperatura del agua,243150,46.2,N,46.200
M-021,Recuento,243150,>22726,N,22726.000
M-021,Recuento de Legionella pneumophila,243150,>2.3E+04,N,23000.000
M-021,Recuento transformado,243150,2.3E+04,K,23000.000
PE-IL-CL,Cloro libre,243150,0.0,N,0.000
FECHA-MI,Fecha fin de los ensayos,243150,22/01/2026,T,0.000
M-027,Recuento de bacterias coliformes,243313,<1,N,1.000
M-034,Recuento de Pseudomonas aeruginosa,243313,<1,N,1.000
AMONI-CI-P,Amonio,243313,<0.15,N,0.000
D_CONDUCT,Conductividad a 20 ºC,243313,650,N,649.800
D_OXIDABIL,Oxidabilidad,243313,1.15,N,1.150
D_PH,pH,243313,7.5,N,7.480
D_TURBIDEZ,Turbidez,243313,<0.4,N,0.130
FECHA-AMB,Fecha comienzo de los ensayos,243313,26/01/2026,T,0.000
FECHA-AMB,Fecha fin de los ensayos,243313,27/01/2026,T,0.000
FECHA-MI,Fecha comienzo de los ensayos,243313,26/01/2026,T,0.000
FECHA-MI,Fecha fin de los ensayos,243313,28/01/2026,T,0.000
M-019-AC1,Recnto. Estafilococos coagulasa +,243313,No aceptable,O,0.000
M-027,Recuento de E. coli,243313,<1,N,1.000
M-027,Recuento de bacterias coliformes,243314,<1,N,1.000
M-027,Recuento de E. coli,243314,<1,N,1.000
M-019-AC1,Recuento de Estafilococos coagulasa +,243314,<1,N,1.000
FECHA-MI,Fecha fin de los ensayos,243314,28/01/2026,T,0.000
FECHA-MI,Fecha comienzo de los ensayos,243314,26/01/2026,T,0.000
FECHA-AMB,Fecha fin de los ensayos,243314,27/01/2026,T,0.000
M-034,Recuento de Pseudomonas aeruginosa,243314,<1,N,1.000
D_TURBIDEZ,Turbidez,243314,<0.4,N,0.110
D_PH,pH,243314,7.5,N,7.530
D_OXIDABIL,Oxidabilidad,243314,1.27,N,1.270
D_CONDUCT,Conductividad a 20 ºC,243314,612,N,611.500
AMONI-CI-P,Amonio,243314,<0.15,N,0.000
FECHA-AMB,Fecha comienzo de los ensayos,243314,26/01/2026,T,0.000
M-027,Recuento de bacterias coliformes,243315,<1,N,1.000
M-027,Recuento de E. coli,243315,<1,N,1.000
M-019-AC1,Recuento de Estafilococos coagulasa +,243315,<1,N,1.000
FECHA-MI,Fecha fin de los ensayos,243315,28/01/2026,T,0.000
FECHA-MI,Fecha comienzo de los ensayos,243315,26/01/2026,T,0.000
FECHA-AMB,Fecha fin de los ensayos,243315,27/01/2026,T,0.000
FECHA-AMB,Fecha comienzo de los ensayos,243315,26/01/2026,T,0.000
D_TURBIDEZ,Turbidez,243315,<0.4,N,0.130
D_PH,pH,243315,7.5,N,7.480
D_OXIDABIL,Oxidabilidad,243315,1.19,N,1.190
D_CONDUCT,Conductividad a 20 ºC,243315,580,N,579.500
AMONI-CI-P,Amonio,243315,<0.15,N,0.000
M-034,Recuento de Pseudomonas aeruginosa,243315,<1,N,1.000
AMONI-CI-P,Amonio,243316,<0.15,N,0.000
D_CONDUCT,Conductividad a 20 ºC,243316,603,N,603.200
M-034,Recuento de Pseudomonas aeruginosa,243316,<1,N,1.000
M-027,Recuento de bacterias coliformes,243316,<1,N,1.000
M-027,Recuento de E. coli,243316,<1,N,1.000
M-019-AC1,Recuento de Estafilococos coagulasa +,243316,0,N,0.000
FECHA-MI,Fecha fin de los ensayos,243316,28/01/2026,T,0.000
FECHA-MI,Fecha comienzo de los ensayos,243316,26/01/2026,T,0.000
FECHA-AMB,Fecha fin de los ensayos,243316,27/01/2026,T,0.000
FECHA-AMB,Fecha comienzo de los ensayos,243316,26/01/2026,T,0.000
D_TURBIDEZ,Turbidez,243316,<0.4,N,0.100
D_PH,pH,243316,7.6,N,7.550
D_OXIDABIL,Oxidabilidad,243316,1.23,N,1.230
AMONI-CI-P,Amonio,243317,<0.15,N,0.061
M-027,Recuento de bacterias coliformes,243317,<1,N,1.000
M-027,Recuento de E. coli,243317,<1,N,1.000
M-019-AC1,Recnto. Estafilococos coagulasa +,243317,No aceptable,O,0.000
FECHA-MI,Fecha fin de los ensayos,243317,28/01/2026,T,0.000
FECHA-MI,Fecha comienzo de los ensayos,243317,26/01/2026,T,0.000
M-034,Recuento de Pseudomonas aeruginosa,243317,<1,N,1.000
FECHA-AMB,Fecha comienzo de los ensayos,243317,26/01/2026,T,0.000
D_TURBIDEZ,Turbidez,243317,<0.4,N,0.140
D_PH,pH,243317,7.4,N,7.440
D_OXIDABIL,Oxidabilidad,243317,0.71,N,0.710
D_CONDUCT,Conductividad a 20 ºC,243317,386,N,386.200
FECHA-AMB,Fecha fin de los ensayos,243317,27/01/2026,T,0.000
M-034,Recuento de Pseudomonas aeruginosa,243318,<1,N,1.000
AMONI-CI-P,Amonio,243318,<0.15,N,0.000
D_CONDUCT,Conductividad a 20 ºC,243318,451,N,451.000
D_OXIDABIL,Oxidabilidad,243318,1.07,N,1.070
D_PH,pH,243318,7.1,N,7.090
D_TURBIDEZ,Turbidez,243318,0.4,N,0.360
FECHA-AMB,Fecha comienzo de los ensayos,243318,26/01/2026,T,0.000
FECHA-AMB,Fecha fin de los ensayos,243318,27/01/2026,T,0.000
FECHA-MI,Fecha comienzo de los ensayos,243318,26/01/2026,T,0.000
FECHA-MI,Fecha fin de los ensayos,243318,28/01/2026,T,0.000
M-019-AC1,Recuento de Estafilococos coagulasa +,243318,0,N,0.000
M-027,Recuento de E. coli,243318,<1,N,1.000
M-027,Recuento de bacterias coliformes,243318,<1,N,1.000
AMONI-CI-P,Amonio,243319,<0.15,N,0.120
D_CONDUCT,Conductividad a 20 ºC,243319,546,N,546.000
D_OXIDABIL,Oxidabilidad,243319,0.95,N,0.950
D_PH,pH,243319,7.4,N,7.410
D_TURBIDEZ,Turbidez,243319,<0.4,N,0.120
FECHA-AMB,Fecha comienzo de los ensayos,243319,26/01/2026,T,0.000
M-034,Recuento de Pseudomonas aeruginosa,243319,<1,N,1.000
FECHA-MI,Fecha comienzo de los ensayos,243319,26/01/2026,T,0.000
FECHA-MI,Fecha fin de los ensayos,243319,28/01/2026,T,0.000
M-019-AC1,Recuento de Estafilococos coagulasa +,243319,<1,N,1.000
M-027,Recuento de E. coli,243319,<1,N,1.000
M-027,Recuento de bacterias coliformes,243319,<1,N,1.000
FECHA-AMB,Fecha fin de los ensayos,243319,27/01/2026,T,0.000
AMONI-CI-P,Amonio,243320,<0.15,N,0.000
D_CONDUCT,Conductividad a 20 ºC,243320,929,N,929.100
M-034,Recuento de Pseudomonas aeruginosa,243320,<1,N,1.000
M-027,Recuento de bacterias coliformes,243320,<1,N,1.000
M-027,Recuento de E. coli,243320,<1,N,1.000
M-019-AC1,Recuento de Estafilococos coagulasa +,243320,0,N,0.000
FECHA-MI,Fecha fin de los ensayos,243320,28/01/2026,T,0.000
FECHA-MI,Fecha comienzo de los ensayos,243320,26/01/2026,T,0.000
FECHA-AMB,Fecha fin de los ensayos,243320,27/01/2026,T,0.000
FECHA-AMB,Fecha comienzo de los ensayos,243320,26/01/2026,T,0.000
D_TURBIDEZ,Turbidez,243320,<0.4,N,0.210
D_PH,pH,243320,7.2,N,7.210
D_OXIDABIL,Oxidabilidad,243320,1.43,N,1.430
AMONI-CI-P,Amonio,243322,<0.15,N,0.000
M-027,Recuento de bacterias coliformes,243322,<1,N,1.000
M-027,Recuento de E. coli,243322,<1,N,1.000
M-019-AC1,Recuento de Estafilococos coagulasa +,243322,0,N,0.000
FECHA-MI,Fecha fin de los ensayos,243322,28/01/2026,T,0.000
FECHA-MI,Fecha comienzo de los ensayos,243322,26/01/2026,T,0.000
M-034,Recuento de Pseudomonas aeruginosa,243322,<1,N,1.000
FECHA-AMB,Fecha comienzo de los ensayos,243322,26/01/2026,T,0.000
D_TURBIDEZ,Turbidez,243322,<0.4,N,0.160
D_PH,pH,243322,7.4,N,7.360
D_OXIDABIL,Oxidabilidad,243322,1.19,N,1.190
D_CONDUCT,Conductividad a 20 ºC,243322,1112,N,1112.000
FECHA-AMB,Fecha fin de los ensayos,243322,27/01/2026,T,0.000
M-027,Recuento de bacterias coliformes,243344,<1,N,1.000
M-034,Recuento de Pseudomonas aeruginosa,243344,<1,N,1.000
AMONI-CI-P,Amonio,243344,<0.15,N,0.000
D_CONDUCT,Conductividad a 20 ºC,243344,756,N,755.800
D_OXIDABIL,Oxidabilidad,243344,0.86,N,0.860
D_PH,pH,243344,7.4,N,7.440
D_TURBIDEZ,Turbidez,243344,<0.4,N,0.110
FECHA-AMB,Fecha comienzo de los ensayos,243344,27/01/2026,T,0.000
FECHA-AMB,Fecha fin de los ensayos,243344,28/01/2026,T,0.000
FECHA-MI,Fecha comienzo de los ensayos,243344,27/01/2026,T,0.000
FECHA-MI,Fecha fin de los ensayos,243344,29/01/2026,T,0.000
M-019-AC1,Recuento de Estafilococos coagulasa +,243344,0,N,0.000
M-027,Recuento de E. coli,243344,<1,N,1.000
AMONI-CI-P,Amonio,243345,<0.15,N,0.000
D_CONDUCT,Conductividad a 20 ºC,243345,511,N,510.800
D_OXIDABIL,Oxidabilidad,243345,1.07,N,1.070
D_PH,pH,243345,7.4,N,7.420
D_TURBIDEZ,Turbidez,243345,<0.4,N,0.140
FECHA-AMB,Fecha comienzo de los ensayos,243345,27/01/2026,T,0.000
M-034,Recuento de Pseudomonas aeruginosa,243345,<1,N,1.000
FECHA-MI,Fecha comienzo de los ensayos,243345,27/01/2026,T,0.000
FECHA-MI,Fecha fin de los ensayos,243345,29/01/2026,T,0.000
M-019-AC1,Recuento de Estafilococos coagulasa +,243345,<1,N,1.000
M-027,Recuento de E. coli,243345,<1,N,1.000
M-027,Recuento de bacterias coliformes,243345,<1,N,1.000
FECHA-AMB,Fecha fin de los ensayos,243345,28/01/2026,T,0.000
M-019-AC1,Recuento de Estafilococos coagulasa +,243346,0,N,0.000
M-027,Recuento de E. coli,243346,<1,N,1.000
M-027,Recuento de bacterias coliformes,243346,<1,N,1.000
M-034,Recuento de Pseudomonas aeruginosa,243346,<1,N,1.000
AMONI-CI-P,Amonio,243346,<0.15,N,0.000
D_CONDUCT,Conductividad a 20 ºC,243346,742,N,742.400
D_OXIDABIL,Oxidabilidad,243346,0.95,N,0.950
D_PH,pH,243346,7.2,N,7.150
D_TURBIDEZ,Turbidez,243346,<0.4,N,0.170
FECHA-AMB,Fecha comienzo de los ensayos,243346,27/01/2026,T,0.000
FECHA-AMB,Fecha fin de los ensayos,243346,28/01/2026,T,0.000
FECHA-MI,Fecha comienzo de los ensayos,243346,27/01/2026,T,0.000
FECHA-MI,Fecha fin de los ensayos,243346,29/01/2026,T,0.000
FECHA-AMB,Fecha comienzo de los ensayos,243347,27/01/2026,T,0.000
D_TURBIDEZ,Turbidez,243347,<0.4,N,0.150
D_PH,pH,243347,7.3,N,7.290
D_OXIDABIL,Oxidabilidad,243347,1.10,N,1.100
D_CONDUCT,Conductividad a 20 ºC,243347,623,N,623.300
AMONI-CI-P,Amonio,243347,<0.15,N,0.000
M-034,Recuento de Pseudomonas aeruginosa,243347,<1,N,1.000
FECHA-MI,Fecha comienzo de los ensayos,243347,27/01/2026,T,0.000
FECHA-MI,Fecha fin de los ensayos,243347,29/01/2026,T,0.000
M-019-AC1,Recuento de Estafilococos coagulasa +,243347,0,N,0.000
M-027,Recuento de E. coli,243347,<1,N,1.000
M-027,Recuento de bacterias coliformes,243347,<1,N,1.000
FECHA-AMB,Fecha fin de los ensayos,243347,28/01/2026,T,0.000
FECHA-AMB,Fecha comienzo de los ensayos,243348,27/01/2026,T,0.000
D_TURBIDEZ,Turbidez,243348,0.4,N,0.430
D_PH,pH,243348,7.2,N,7.240
D_OXIDABIL,Oxidabilidad,243348,1.35,N,1.350
D_CONDUCT,Conductividad a 20 ºC,243348,858,N,858.200
AMONI-CI-P,Amonio,243348,<0.15,N,0.000
FECHA-AMB,Fecha fin de los ensayos,243348,28/01/2026,T,0.000
M-034,Recuento de Pseudomonas aeruginosa,243348,<1,N,1.000
M-027,Recuento de bacterias coliformes,243348,<1,N,1.000
M-027,Recuento de E. coli,243348,<1,N,1.000
M-019-AC1,Recnto. Estafilococos coagulasa +,243348,No aceptable,O,0.000
FECHA-MI,Fecha fin de los ensayos,243348,29/01/2026,T,0.000
FECHA-MI,Fecha comienzo de los ensayos,243348,27/01/2026,T,0.000
AMONI-CI-P,Amonio,243349,<0.15,N,0.000
D_CONDUCT,Conductividad a 20 ºC,243349,650,N,650.100
D_OXIDABIL,Oxidabilidad,243349,1.59,N,1.590
D_PH,pH,243349,7.5,N,7.480
D_TURBIDEZ,Turbidez,243349,0.5,N,0.450
FECHA-AMB,Fecha comienzo de los ensayos,243349,27/01/2026,T,0.000
M-034,Recuento de Pseudomonas aeruginosa,243349,<1,N,1.000
M-027,Recuento de E. coli,243349,<1,N,1.000
M-019-AC1,Recuento de Estafilococos coagulasa +,243349,0,N,0.000
FECHA-MI,Fecha fin de los ensayos,243349,29/01/2026,T,0.000
FECHA-MI,Fecha comienzo de los ensayos,243349,27/01/2026,T,0.000
FECHA-AMB,Fecha fin de los ensayos,243349,28/01/2026,T,0.000
M-027,Recuento de bacterias coliformes,243349,<1,N,1.000
FECHA-AMB,Fecha comienzo de los ensayos,243350,27/01/2026,T,0.000
D_TURBIDEZ,Turbidez,243350,<0.4,N,0.290
D_PH,pH,243350,7.5,N,7.490
D_OXIDABIL,Oxidabilidad,243350,1.27,N,1.270
D_CONDUCT,Conductividad a 20 ºC,243350,617,N,616.500
AMONI-CI-P,Amonio,243350,<0.15,N,0.000
M-034,Recuento de Pseudomonas aeruginosa,243350,<1,N,1.000
FECHA-MI,Fecha comienzo de los ensayos,243350,27/01/2026,T,0.000
FECHA-MI,Fecha fin de los ensayos,243350,29/01/2026,T,0.000
M-019-AC1,Recuento de Estafilococos coagulasa +,243350,0,N,0.000
M-027,Recuento de E. coli,243350,<1,N,1.000
M-027,Recuento de bacterias coliformes,243350,<1,N,1.000
FECHA-AMB,Fecha fin de los ensayos,243350,28/01/2026,T,0.000
FECHA-AMB,Fecha comienzo de los ensayos,243351,27/01/2026,T,0.000
D_TURBIDEZ,Turbidez,243351,<0.4,N,0.140
D_PH,pH,243351,7.3,N,7.290
D_OXIDABIL,Oxidabilidad,243351,0.98,N,0.980
D_CONDUCT,Conductividad a 20 ºC,243351,614,N,613.700
AMONI-CI-P,Amonio,243351,<0.15,N,0.000
FECHA-AMB,Fecha fin de los ensayos,243351,28/01/2026,T,0.000
M-034,Recuento de Pseudomonas aeruginosa,243351,<1,N,1.000
M-027,Recuento de bacterias coliformes,243351,1,N,1.000
M-027,Recuento de E. coli,243351,<1,N,1.000
M-019-AC1,Recnto. Estafilococos coagulasa +,243351,No aceptable,O,0.000
FECHA-MI,Fecha fin de los ensayos,243351,29/01/2026,T,0.000
FECHA-MI,Fecha comienzo de los ensayos,243351,27/01/2026,T,0.000
AMONI-CI-P,Amonio,243352,<0.15,N,0.000
D_CONDUCT,Conductividad a 20 ºC,243352,780,N,780.400
D_OXIDABIL,Oxidabilidad,243352,0.69,N,0.690
D_PH,pH,243352,7.2,N,7.200
D_TURBIDEZ,Turbidez,243352,<0.4,N,0.120
FECHA-AMB,Fecha comienzo de los ensayos,243352,27/01/2026,T,0.000
M-034,Recuento de Pseudomonas aeruginosa,243352,<1,N,1.000
M-027,Recuento de E. coli,243352,<1,N,1.000
M-019-AC1,Recuento de Estafilococos coagulasa +,243352,0,N,0.000
FECHA-MI,Fecha fin de los ensayos,243352,29/01/2026,T,0.000
FECHA-MI,Fecha comienzo de los ensayos,243352,27/01/2026,T,0.000
FECHA-AMB,Fecha fin de los ensayos,243352,28/01/2026,T,0.000
M-027,Recuento de bacterias coliformes,243352,<1,N,1.000
AMONI-CI-P,Amonio,243475,<0.15,N,0.000
WMM-LM-CAM,Cloro libre residual,243475,0.31,N,0.310
D_CONDUCT,Conductividad a 20 ºC,243475,371,N,371.400
D_OXIDABIL,Oxidabilidad,243475,0.63,N,0.630
D_PH,pH,243475,8.22,N,8.220
D_TURBIDEZ,Turbidez,243475,<0.4,N,0.160
FECHA-AMB,Fecha comienzo de los ensayos,243475,02/02/2026,T,0.000
FECHA-AMB,Fecha fin de los ensayos,243475,03/02/2026,T,0.000
FECHA-MI,Fecha comienzo de los ensayos,243475,02/02/2026,T,0.000
FECHA-MI,Fecha fin de los ensayos,243475,05/02/2026,T,0.000
M-013-AC1,Recuento de enterococos intestinales,243475,0,N,0.000
M-016-AC1,Recuento de E. coli,243475,0,N,0.000
M-016-AC1,Recuento de bacterias coliformes,243475,0,N,0.000
M-030-AC1,Recuento C. perfringens (con esporas),243475,0,N,0.000
M-068-AC1,Microorganismos cultivables a 22 °C,243475,<1,N,1.000
M-068-AC1,Microorganismos cultivables a 22 ºC,243475,0.0,K,0.000
M-068-AC1,P1,243475,0,N,0.000
M-068-AC1,P2,243475,0,N,0.000
M-068-AC1,Recuento,243475,0,K,0.000
M-068-AC1,d,243475,0,N,0.000
NTRAT-CI-P,Nitratos,243475,7.83,N,7.830
NTRIT-CI-P,Nitritos,243475,<0.15,N,0.000
OXOANIONES,Bromato,243475,<2.5,N,0.000
OXOANIONES,Clorato,243475,0.255,N,0.255
OXOANIONES,Clorito,243475,<0.025,N,0.000
PE-IL-TEMP,Temperatura del agua,243475,8,N,8.000
SULFA-CI-P,Sulfatos,243475,17.2,N,17.150
THM-GCMS,Bromodiclorometano,243475,5.0,N,5.000
THM-GCMS,Bromoformo,243475,<5.0,N,0.000
THM-GCMS,Cloroformo,243475,8.0,N,8.000
THM-GCMS,Dibromoclorometano,243475,<5.0,N,4.100
THM-GCMS,Suma Trihalometanos,243475,17.2,N,17.180
WMM-LM-CAM,Cloro combinado residual,243475,0.12,N,0.120
CLORU-CI-P,Cloruros,243475,13.93,N,13.930
M-068-AC1,Recuento,243476,5,K,5.000
M-068-AC1,Recnto. Microorg. cultivables a 22 ºC,243476,Estimado 5 ufc/100 ml,O,0.000
NTRAT-CI-P,Nitratos,243476,12.90,N,12.900
NTRIT-CI-P,Nitritos,243476,<0.15,N,0.052
OXOANIONES,Bromato,243476,<2.5,N,0.000
OXOANIONES,Clorato,243476,0.077,N,0.077
OXOANIONES,Clorito,243476,<0.025,N,0.000
PE-IL-TEMP,Temperatura del agua,243476,7.6,N,7.600
SULFA-CI-P,Sulfatos,243476,15.1,N,15.100
THM-GCMS,Bromodiclorometano,243476,<5.0,N,0.900
THM-GCMS,Bromoformo,243476,<5.0,N,0.000
THM-GCMS,Cloroformo,243476,<5.0,N,1.000
THM-GCMS,Dibromoclorometano,243476,<5.0,N,1.400
THM-GCMS,Suma Trihalometanos,243476,<5.0,N,3.320
WMM-LM-CAM,Cloro combinado residual,243476,<0.10,N,0.000
WMM-LM-CAM,Cloro libre residual,243476,<0.10,N,0.000
AMONI-CI-P,Amonio,243476,<0.15,N,0.000
CLORU-CI-P,Cloruros,243476,11.76,N,11.760
D_CONDUCT,Conductividad a 20 ºC,243476,484,N,483.700
D_OXIDABIL,Oxidabilidad,243476,<0.50,N,0.400
D_PH,pH,243476,8.14,N,8.140
D_TURBIDEZ,Turbidez,243476,<0.4,N,0.140
FECHA-AMB,Fecha comienzo de los ensayos,243476,02/02/2026,T,0.000
FECHA-AMB,Fecha fin de los ensayos,243476,03/02/2026,T,0.000
FECHA-MI,Fecha comienzo de los ensayos,243476,02/02/2026,T,0.000
FECHA-MI,Fecha fin de los ensayos,243476,05/02/2026,T,0.000
M-013-AC1,Recuento de enterococos intestinales,243476,0,N,0.000
M-016-AC1,Recuento de E. coli,243476,0,N,0.000
M-016-AC1,Recuento de bacterias coliformes,243476,0,N,0.000
M-030-AC1,Recuento C. perfringens (con esporas),243476,0,N,0.000
M-068-AC1,Microorganismos cultivables a 22 ºC,243476,5.0,K,5.000
M-068-AC1,P1,243476,5,N,5.000
M-068-AC1,P2,243476,0,N,0.000
M-068-AC1,d,243476,0,N,0.000
AMONI-CI-P,Amonio,243477,<0.15,N,0.000
WMM-LM-CAM,Cloro libre residual,243477,0.22,N,0.220
D_CONDUCT,Conductividad a 20 ºC,243477,261,N,260.900
D_OXIDABIL,Oxidabilidad,243477,0.83,N,0.830
D_PH,pH,243477,8.28,N,8.280
D_TURBIDEZ,Turbidez,243477,0.5,N,0.490
FECHA-AMB,Fecha comienzo de los ensayos,243477,02/02/2026,T,0.000
FECHA-AMB,Fecha fin de los ensayos,243477,03/02/2026,T,0.000
FECHA-MI,Fecha comienzo de los ensayos,243477,02/02/2026,T,0.000
FECHA-MI,Fecha fin de los ensayos,243477,05/02/2026,T,0.000
M-013-AC1,Recuento de enterococos intestinales,243477,0,N,0.000
M-016-AC1,Recuento de E. coli,243477,0,N,0.000
M-016-AC1,Recuento de bacterias coliformes,243477,0,N,0.000
M-030-AC1,Recuento C. perfringens (con esporas),243477,0,N,0.000
M-068-AC1,Microorganismos cultivables a 22 °C,243477,<1,N,1.000
M-068-AC1,Microorganismos cultivables a 22 ºC,243477,0.0,K,0.000
M-068-AC1,P1,243477,0,N,0.000
M-068-AC1,P2,243477,0,N,0.000
M-068-AC1,Recuento,243477,0,K,0.000
M-068-AC1,d,243477,0,N,0.000
NTRAT-CI-P,Nitratos,243477,1.66,N,1.660
NTRIT-CI-P,Nitritos,243477,<0.15,N,0.000
OXOANIONES,Bromato,243477,<2.5,N,0.000
OXOANIONES,Clorato,243477,0.485,N,0.485
OXOANIONES,Clorito,243477,<0.025,N,0.000
PE-IL-TEMP,Temperatura del agua,243477,8.1,N,8.100
SULFA-CI-P,Sulfatos,243477,19.4,N,19.440
THM-GCMS,Bromodiclorometano,243477,8.4,N,8.400
THM-GCMS,Bromoformo,243477,<5.0,N,0.000
THM-GCMS,Cloroformo,243477,20.7,N,20.700
THM-GCMS,Dibromoclorometano,243477,<5.0,N,4.300
THM-GCMS,Suma Trihalometanos,243477,33.4,N,33.350
WMM-LM-CAM,Cloro combinado residual,243477,0.18,N,0.180
CLORU-CI-P,Cloruros,243477,15.71,N,15.710
M-068-AC1,Microorganismos cultivables a 22 °C,243478,<1,N,1.000
M-068-AC1,Microorganismos cultivables a 22 ºC,243478,0.0,K,0.000
M-068-AC1,P1,243478,0,N,0.000
M-068-AC1,P2,243478,0,N,0.000
M-068-AC1,Recuento,243478,0,K,0.000
M-068-AC1,d,243478,0,N,0.000
NTRAT-CI-P,Nitratos,243478,1.73,N,1.730
NTRIT-CI-P,Nitritos,243478,<0.15,N,0.000
OXOANIONES,Bromato,243478,<2.5,N,0.000
OXOANIONES,Clorato,243478,0.166,N,0.166
OXOANIONES,Clorito,243478,<0.025,N,0.000
PE-IL-TEMP,Temperatura del agua,243478,7.8,N,7.800
SULFA-CI-P,Sulfatos,243478,19.5,N,19.500
THM-GCMS,Bromodiclorometano,243478,8.0,N,8.000
THM-GCMS,Bromoformo,243478,<5.0,N,0.000
THM-GCMS,Cloroformo,243478,22.0,N,22.000
THM-GCMS,Dibromoclorometano,243478,<5.0,N,4.200
THM-GCMS,Suma Trihalometanos,243478,34.2,N,34.170
WMM-LM-CAM,Cloro combinado residual,243478,0.19,N,0.190
WMM-LM-CAM,Cloro libre residual,243478,0.11,N,0.110
AMONI-CI-P,Amonio,243478,<0.15,N,0.000
CLORU-CI-P,Cloruros,243478,14.67,N,14.670
D_CONDUCT,Conductividad a 20 ºC,243478,254,N,254.400
D_OXIDABIL,Oxidabilidad,243478,1.03,N,1.030
D_PH,pH,243478,8.14,N,8.140
D_TURBIDEZ,Turbidez,243478,<0.4,N,0.160
FECHA-AMB,Fecha comienzo de los ensayos,243478,02/02/2026,T,0.000
FECHA-AMB,Fecha fin de los ensayos,243478,03/02/2026,T,0.000
FECHA-MI,Fecha comienzo de los ensayos,243478,02/02/2026,T,0.000
FECHA-MI,Fecha fin de los ensayos,243478,05/02/2026,T,0.000
M-013-AC1,Recuento de enterococos intestinales,243478,0,N,0.000
M-016-AC1,Recuento de E. coli,243478,0,N,0.000
M-016-AC1,Recuento de bacterias coliformes,243478,0,N,0.000
M-030-AC1,Recuento C. perfringens (con esporas),243478,0,N,0.000
AMONI-CI-P,Amonio,243479,<0.15,N,0.000
WMM-LM-CAM,Cloro libre residual,243479,<0.10,N,0.070
D_CONDUCT,Conductividad a 20 ºC,243479,253,N,253.200
D_OXIDABIL,Oxidabilidad,243479,0.99,N,0.990
D_PH,pH,243479,8.12,N,8.120
D_TURBIDEZ,Turbidez,243479,<0.4,N,0.170
FECHA-AMB,Fecha comienzo de los ensayos,243479,02/02/2026,T,0.000
FECHA-AMB,Fecha fin de los ensayos,243479,03/02/2026,T,0.000
FECHA-MI,Fecha comienzo de los ensayos,243479,02/02/2026,T,0.000
FECHA-MI,Fecha fin de los ensayos,243479,05/02/2026,T,0.000
M-013-AC1,Recuento de enterococos intestinales,243479,0,N,0.000
M-016-AC1,Recuento de E. coli,243479,0,N,0.000
M-016-AC1,Recuento de bacterias coliformes,243479,0,N,0.000
M-030-AC1,Recuento C. perfringens (con esporas),243479,0,N,0.000
M-068-AC1,Microorganismos cultivables a 22 °C,243479,<1,N,1.000
M-068-AC1,Microorganismos cultivables a 22 ºC,243479,0.0,K,0.000
M-068-AC1,P1,243479,0,N,0.000
M-068-AC1,P2,243479,0,N,0.000
M-068-AC1,Recuento,243479,0,K,0.000
M-068-AC1,d,243479,0,N,0.000
NTRAT-CI-P,Nitratos,243479,1.68,N,1.680
NTRIT-CI-P,Nitritos,243479,<0.15,N,0.000
OXOANIONES,Bromato,243479,<2.5,N,0.000
OXOANIONES,Clorato,243479,0.161,N,0.161
OXOANIONES,Clorito,243479,<0.025,N,0.000
PE-IL-TEMP,Temperatura del agua,243479,8.7,N,8.700
SULFA-CI-P,Sulfatos,243479,19.2,N,19.240
THM-GCMS,Bromodiclorometano,243479,8.2,N,8.200
THM-GCMS,Bromoformo,243479,<5.0,N,0.500
THM-GCMS,Cloroformo,243479,23.3,N,23.300
THM-GCMS,Dibromoclorometano,243479,<5.0,N,4.100
THM-GCMS,Suma Trihalometanos,243479,36.2,N,36.160
WMM-LM-CAM,Cloro combinado residual,243479,0.14,N,0.140
CLORU-CI-P,Cloruros,243479,14.48,N,14.480
AMONI-CI-P,Amonio,243480,<0.15,N,0.000
CLORU-CI-P,Cloruros,243480,14.54,N,14.540
D_CONDUCT,Conductividad a 20 ºC,243480,255,N,255.100
D_OXIDABIL,Oxidabilidad,243480,0.95,N,0.950
D_PH,pH,243480,8.09,N,8.090
D_TURBIDEZ,Turbidez,243480,<0.4,N,0.140
FECHA-AMB,Fecha comienzo de los ensayos,243480,02/02/2026,T,0.000
FECHA-AMB,Fecha fin de los ensayos,243480,03/02/2026,T,0.000
FECHA-MI,Fecha comienzo de los ensayos,243480,02/02/2026,T,0.000
FECHA-MI,Fecha fin de los ensayos,243480,05/02/2026,T,0.000
M-013-AC1,Recuento de enterococos intestinales,243480,0,N,0.000
M-016-AC1,Recuento de E. coli,243480,0,N,0.000
M-016-AC1,Recuento de bacterias coliformes,243480,0,N,0.000
M-030-AC1,Recuento C. perfringens (con esporas),243480,0,N,0.000
M-068-AC1,Microorganismos cultivables a 22 °C,243480,<1,N,1.000
M-068-AC1,Microorganismos cultivables a 22 ºC,243480,0.0,K,0.000
M-068-AC1,P1,243480,0,N,0.000
M-068-AC1,P2,243480,0,N,0.000
M-068-AC1,Recuento,243480,0,K,0.000
M-068-AC1,d,243480,0,N,0.000
NTRAT-CI-P,Nitratos,243480,1.74,N,1.740
NTRIT-CI-P,Nitritos,243480,<0.15,N,0.000
OXOANIONES,Bromato,243480,<2.5,N,0.000
OXOANIONES,Clorato,243480,0.245,N,0.245
OXOANIONES,Clorito,243480,<0.025,N,0.000
PE-IL-TEMP,Temperatura del agua,243480,8.1,N,8.100
SULFA-CI-P,Sulfatos,243480,19.2,N,19.170
THM-GCMS,Bromodiclorometano,243480,7.5,N,7.500
THM-GCMS,Bromoformo,243480,<5.0,N,0.000
THM-GCMS,Cloroformo,243480,18.4,N,18.400
THM-GCMS,Dibromoclorometano,243480,<5.0,N,3.900
THM-GCMS,Suma Trihalometanos,243480,29.8,N,29.840
WMM-LM-CAM,Cloro combinado residual,243480,0.12,N,0.120
WMM-LM-CAM,Cloro libre residual,243480,<0.10,N,0.000
AMONI-CI-P,Amonio,243481,<0.15,N,0.000
WMM-LM-CAM,Cloro libre residual,243481,0.17,N,0.170
D_CONDUCT,Conductividad a 20 ºC,243481,132,N,132.200
D_OXIDABIL,Oxidabilidad,243481,0.87,N,0.870
D_PH,pH,243481,8.09,N,8.090
D_TURBIDEZ,Turbidez,243481,0.5,N,0.520
FECHA-AMB,Fecha comienzo de los ensayos,243481,02/02/2026,T,0.000
FECHA-AMB,Fecha fin de los ensayos,243481,03/02/2026,T,0.000
FECHA-MI,Fecha comienzo de los ensayos,243481,02/02/2026,T,0.000
FECHA-MI,Fecha fin de los ensayos,243481,05/02/2026,T,0.000
M-013-AC1,Recuento de enterococos intestinales,243481,0,N,0.000
M-016-AC1,Recuento de E. coli,243481,0,N,0.000
M-016-AC1,Recuento de bacterias coliformes,243481,0,N,0.000
M-030-AC1,Recuento C. perfringens (con esporas),243481,0,N,0.000
M-068-AC1,Microorganismos cultivables a 22 ºC,243481,4.0,K,4.000
M-068-AC1,P1,243481,4,N,4.000
M-068-AC1,P2,243481,0,N,0.000
M-068-AC1,Recnto. Microorg. cultivables a 22 ºC,243481,Estimado 4 ufc/100 ml,O,0.000
M-068-AC1,Recuento,243481,4,K,4.000
M-068-AC1,d,243481,0,N,0.000
NTRAT-CI-P,Nitratos,243481,1.18,N,1.180
NTRIT-CI-P,Nitritos,243481,<0.15,N,0.000
OXOANIONES,Bromato,243481,<2.5,N,0.000
OXOANIONES,Clorato,243481,0.088,N,0.088
OXOANIONES,Clorito,243481,<0.025,N,0.000
PE-IL-TEMP,Temperatura del agua,243481,10.7,N,10.700
SULFA-CI-P,Sulfatos,243481,11.0,N,10.990
THM-GCMS,Bromodiclorometano,243481,<5.0,N,4.800
THM-GCMS,Bromoformo,243481,<5.0,N,0.000
THM-GCMS,Cloroformo,243481,39.3,N,39.300
THM-GCMS,Dibromoclorometano,243481,<5.0,N,0.800
THM-GCMS,Suma Trihalometanos,243481,44.9,N,44.910
WMM-LM-CAM,Cloro combinado residual,243481,<0.10,N,0.020
CLORU-CI-P,Cloruros,243481,6.87,N,6.870
THM-GCMS,Dibromoclorometano,243482,<5.0,N,3.800
THM-GCMS,Cloroformo,243482,17.8,N,17.800
WMM-LM-CAM,Cloro combinado residual,243482,0.20,N,0.200
WMM-LM-CAM,Cloro libre residual,243482,0.77,N,0.770
AMONI-CI-P,Amonio,243482,<0.15,N,0.000
CLORU-CI-P,Cloruros,243482,15.70,N,15.700
D_CONDUCT,Conductividad a 20 ºC,243482,257,N,256.600
D_OXIDABIL,Oxidabilidad,243482,0.71,N,0.710
D_PH,pH,243482,8.21,N,8.210
D_TURBIDEZ,Turbidez,243482,<0.4,N,0.270
FECHA-AMB,Fecha comienzo de los ensayos,243482,02/02/2026,T,0.000
FECHA-AMB,Fecha fin de los ensayos,243482,03/02/2026,T,0.000
FECHA-MI,Fecha comienzo de los ensayos,243482,02/02/2026,T,0.000
FECHA-MI,Fecha fin de los ensayos,243482,05/02/2026,T,0.000
M-013-AC1,Recuento de enterococos intestinales,243482,0,N,0.000
M-016-AC1,Recuento de E. coli,243482,0,N,0.000
M-016-AC1,Recuento de bacterias coliformes,243482,0,N,0.000
M-030-AC1,Recuento C. perfringens (con esporas),243482,0,N,0.000
M-068-AC1,Microorganismos cultivables a 22 °C,243482,<1,N,1.000
M-068-AC1,Microorganismos cultivables a 22 ºC,243482,0.0,K,0.000
M-068-AC1,P1,243482,0,N,0.000
M-068-AC1,P2,243482,0,N,0.000
M-068-AC1,Recuento,243482,0,K,0.000
M-068-AC1,d,243482,0,N,0.000
NTRAT-CI-P,Nitratos,243482,1.74,N,1.740
NTRIT-CI-P,Nitritos,243482,<0.15,N,0.000
OXOANIONES,Bromato,243482,<2.5,N,0.000
OXOANIONES,Clorato,243482,0.450,N,0.450
OXOANIONES,Clorito,243482,<0.025,N,0.000
PE-IL-TEMP,Temperatura del agua,243482,7.6,N,7.600
SULFA-CI-P,Sulfatos,243482,19.4,N,19.410
THM-GCMS,Bromodiclorometano,243482,7.6,N,7.600
THM-GCMS,Bromoformo,243482,<5.0,N,0.000
THM-GCMS,Suma Trihalometanos,243482,29.3,N,29.270
THM-GCMS,Bromoformo,243483,<5.0,N,0.500
THM-GCMS,Cloroformo,243483,<5.0,N,0.000
THM-GCMS,Dibromoclorometano,243483,<5.0,N,0.000
THM-GCMS,Suma Trihalometanos,243483,<5.0,N,0.720
CLORU-CI-P,Cloruros,243483,<1.00,N,0.000
D_CONDUCT,Conductividad a 20 ºC,243483,<15,N,1.016
D_OXIDABIL,Oxidabilidad,243483,<0.50,N,0.000
D_TURBIDEZ,Turbidez,243483,<0.4,N,0.070
FECHA-AMB,Fecha comienzo de los ensayos,243483,02/02/2026,T,0.000
FECHA-AMB,Fecha fin de los ensayos,243483,03/02/2026,T,0.000
FECHA-MI,Fecha comienzo de los ensayos,243483,02/02/2026,T,0.000
FECHA-MI,Fecha fin de los ensayos,243483,05/02/2026,T,0.000
M-013-AC1,Recuento de enterococos intestinales,243483,0,N,0.000
M-016-AC1,Recuento de E. coli,243483,0,N,0.000
M-016-AC1,Recuento de bacterias coliformes,243483,0,N,0.000
M-030-AC1,Recuento C. perfringens (con esporas),243483,0,N,0.000
M-068-AC1,Microorganismos cultivables a 22 °C,243483,<1,N,1.000
M-068-AC1,Microorganismos cultivables a 22 ºC,243483,0.0,K,0.000
M-068-AC1,P1,243483,0,N,0.000
M-068-AC1,P2,243483,0,N,0.000
M-068-AC1,Recuento,243483,0,K,0.000
M-068-AC1,d,243483,0,N,0.000
NTRAT-CI-P,Nitratos,243483,<1.00,N,0.000
NTRIT-CI-P,Nitritos,243483,<0.15,N,0.000
OXOANIONES,Bromato,243483,<2.5,N,0.000
OXOANIONES,Clorato,243483,<0.025,N,0.000
OXOANIONES,Clorito,243483,<0.025,N,0.000
SULFA-CI-P,Sulfatos,243483,<1.0,N,0.000
THM-GCMS,Bromodiclorometano,243483,<5.0,N,0.200
AMONI-CI-P,Amonio,243499,<0.15,N,0.000
WMM-LM-CAM,Cloro libre residual,243499,0.15,N,0.150
D_CONDUCT,Conductividad a 20 ºC,243499,675,N,675.000
D_OXIDABIL,Oxidabilidad,243499,1.32,N,1.320
D_PH,pH,243499,8.00,N,8.000
D_TURBIDEZ,Turbidez,243499,0.8,N,0.760
FECHA-AMB,Fecha comienzo de los ensayos,243499,03/02/2026,T,0.000
FECHA-AMB,Fecha fin de los ensayos,243499,04/02/2026,T,0.000
FECHA-MI,Fecha comienzo de los ensayos,243499,03/02/2026,T,0.000
FECHA-MI,Fecha fin de los ensayos,243499,06/02/2026,T,0.000
M-013-AC1,Recuento de enterococos intestinales,243499,0,N,0.000
M-016-AC1,Recuento de E. coli,243499,0,N,0.000
M-016-AC1,Recuento de bacterias coliformes,243499,0,N,0.000
M-030-AC1,Recuento C. perfringens (con esporas),243499,0,N,0.000
M-068-AC1,Microorganismos cultivables a 22 ºC,243499,1.0,K,1.000
M-068-AC1,P1,243499,1,N,1.000
M-068-AC1,P2,243499,0,N,0.000
M-068-AC1,Recnto. Microorg. cultivables a 22 ºC,243499,Presencia /ml,O,0.000
M-068-AC1,Recuento,243499,1,K,1.000
M-068-AC1,d,243499,0,N,0.000
NA-CI-P,Sodio,243499,18.93,N,18.927
NTRAT-CI-P,Nitratos,243499,4.63,N,4.630
NTRIT-CI-P,Nitritos,243499,<0.15,N,0.000
OXOANIONES,Bromato,243499,<2.5,N,0.000
OXOANIONES,Clorato,243499,0.310,N,0.310
OXOANIONES,Clorito,243499,<0.025,N,0.000
PE-IL-TEMP,Temperatura del agua,243499,7.6,N,7.600
SULFA-CI-P,Sulfatos,243499,47.3,N,47.290
THM-GCMS,Bromodiclorometano,243499,10.6,N,10.600
THM-GCMS,Bromoformo,243499,<5.0,N,0.000
THM-GCMS,Cloroformo,243499,39.9,N,39.900
THM-GCMS,Dibromoclorometano,243499,<5.0,N,2.800
THM-GCMS,Suma Trihalometanos,243499,53.3,N,53.330
WMM-LM-CAM,Cloro combinado residual,243499,0.10,N,0.100
CLORU-CI-P,Cloruros,243499,27.13,N,27.130
THM-GCMS,Bromodiclorometano,243500,5.7,N,5.700
SULFA-CI-P,Sulfatos,243500,19.5,N,19.490
THM-GCMS,Cloroformo,243500,13.3,N,13.300
THM-GCMS,Dibromoclorometano,243500,<5.0,N,2.100
THM-GCMS,Suma Trihalometanos,243500,21.0,N,21.020
WMM-LM-CAM,Cloro combinado residual,243500,<0.10,N,0.070
WMM-LM-CAM,Cloro libre residual,243500,<0.10,N,0.000
AMONI-CI-P,Amonio,243500,<0.15,N,0.000
CLORU-CI-P,Cloruros,243500,13.73,N,13.730
D_CONDUCT,Conductividad a 20 ºC,243500,263,N,262.500
D_OXIDABIL,Oxidabilidad,243500,<0.50,N,0.450
D_PH,pH,243500,8.29,N,8.290
D_TURBIDEZ,Turbidez,243500,0.4,N,0.420
FECHA-AMB,Fecha comienzo de los ensayos,243500,03/02/2026,T,0.000
FECHA-AMB,Fecha fin de los ensayos,243500,04/02/2026,T,0.000
FECHA-MI,Fecha comienzo de los ensayos,243500,03/02/2026,T,0.000
FECHA-MI,Fecha fin de los ensayos,243500,06/02/2026,T,0.000
M-013-AC1,Recuento de enterococos intestinales,243500,0,N,0.000
M-016-AC1,Recuento de E. coli,243500,0,N,0.000
M-016-AC1,Recuento de bacterias coliformes,243500,0,N,0.000
M-030-AC1,Recuento C. perfringens (con esporas),243500,0,N,0.000
M-068-AC1,Microorganismos cultivables a 22 °C,243500,<1,N,1.000
M-068-AC1,Microorganismos cultivables a 22 ºC,243500,0.0,K,0.000
M-068-AC1,P1,243500,0,N,0.000
M-068-AC1,P2,243500,0,N,0.000
M-068-AC1,Recuento,243500,0,K,0.000
M-068-AC1,d,243500,0,N,0.000
NA-CI-P,Sodio,243500,8.64,N,8.635
NTRAT-CI-P,Nitratos,243500,1.83,N,1.830
NTRIT-CI-P,Nitritos,243500,<0.15,N,0.000
OXOANIONES,Bromato,243500,<2.5,N,0.000
OXOANIONES,Clorato,243500,0.080,N,0.080
OXOANIONES,Clorito,243500,<0.025,N,0.000
PE-IL-TEMP,Temperatura del agua,243500,8.3,N,8.300
THM-GCMS,Bromoformo,243500,<5.0,N,0.000
AMONI-CI-P,Amonio,243501,<0.15,N,0.000
WMM-LM-CAM,Cloro libre residual,243501,<0.10,N,0.060
D_CONDUCT,Conductividad a 20 ºC,243501,661,N,661.000
D_OXIDABIL,Oxidabilidad,243501,1.20,N,1.200
D_PH,pH,243501,7.96,N,7.960
D_TURBIDEZ,Turbidez,243501,2.9,N,2.930
FECHA-AMB,Fecha comienzo de los ensayos,243501,03/02/2026,T,0.000
FECHA-AMB,Fecha fin de los ensayos,243501,04/02/2026,T,0.000
FECHA-MI,Fecha comienzo de los ensayos,243501,03/02/2026,T,0.000
FECHA-MI,Fecha fin de los ensayos,243501,06/02/2026,T,0.000
M-013-AC1,Recuento de enterococos intestinales,243501,0,N,0.000
M-016-AC1,Recuento de E. coli,243501,0,N,0.000
M-016-AC1,Recuento de bacterias coliformes,243501,0,N,0.000
M-030-AC1,Recuento C. perfringens (con esporas),243501,0,N,0.000
M-068-AC1,Microorganismos cultivables a 22 °C,243501,10,N,10.000
M-068-AC1,Microorganismos cultivables a 22 ºC,243501,1.0E+01,K,10.000
M-068-AC1,P1,243501,11,N,11.000
M-068-AC1,P2,243501,0,N,0.000
M-068-AC1,Recuento,243501,10,K,10.000
M-068-AC1,d,243501,0,N,0.000
NA-CI-P,Sodio,243501,18.55,N,18.553
NTRAT-CI-P,Nitratos,243501,4.50,N,4.500
NTRIT-CI-P,Nitritos,243501,<0.15,N,0.000
OXOANIONES,Bromato,243501,<2.5,N,0.000
OXOANIONES,Clorato,243501,0.220,N,0.220
OXOANIONES,Clorito,243501,<0.025,N,0.000
PE-IL-TEMP,Temperatura del agua,243501,7.7,N,7.700
SULFA-CI-P,Sulfatos,243501,47.3,N,47.270
THM-GCMS,Bromodiclorometano,243501,8.3,N,8.300
THM-GCMS,Bromoformo,243501,<5.0,N,0.000
THM-GCMS,Cloroformo,243501,29.3,N,29.300
THM-GCMS,Dibromoclorometano,243501,<5.0,N,2.200
THM-GCMS,Suma Trihalometanos,243501,39.9,N,39.870
WMM-LM-CAM,Cloro combinado residual,243501,0.15,N,0.150
CLORU-CI-P,Cloruros,243501,26.51,N,26.510
THM-GCMS,Bromoformo,243502,<5.0,N,0.000
THM-GCMS,Bromodiclorometano,243502,8.1,N,8.100
THM-GCMS,Dibromoclorometano,243502,<5.0,N,4.600
THM-GCMS,Suma Trihalometanos,243502,30.6,N,30.580
WMM-LM-CAM,Cloro combinado residual,243502,0.12,N,0.120
WMM-LM-CAM,Cloro libre residual,243502,<0.10,N,0.000
AMONI-CI-P,Amonio,243502,<0.15,N,0.000
CLORU-CI-P,Cloruros,243502,14.09,N,14.090
D_CONDUCT,Conductividad a 20 ºC,243502,256,N,256.200
D_OXIDABIL,Oxidabilidad,243502,0.78,N,0.780
D_PH,pH,243502,7.99,N,7.990
D_TURBIDEZ,Turbidez,243502,<0.4,N,0.160
FECHA-AMB,Fecha comienzo de los ensayos,243502,03/02/2026,T,0.000
FECHA-AMB,Fecha fin de los ensayos,243502,04/02/2026,T,0.000
FECHA-MI,Fecha comienzo de los ensayos,243502,03/02/2026,T,0.000
FECHA-MI,Fecha fin de los ensayos,243502,06/02/2026,T,0.000
M-013-AC1,Recuento de enterococos intestinales,243502,0,N,0.000
M-016-AC1,Recuento de E. coli,243502,0,N,0.000
M-016-AC1,Recuento de bacterias coliformes,243502,0,N,0.000
M-030-AC1,Recuento C. perfringens (con esporas),243502,0,N,0.000
M-068-AC1,Microorganismos cultivables a 22 °C,243502,<1,N,1.000
M-068-AC1,Microorganismos cultivables a 22 ºC,243502,0.0,K,0.000
M-068-AC1,P1,243502,0,N,0.000
M-068-AC1,P2,243502,0,N,0.000
M-068-AC1,Recuento,243502,0,K,0.000
M-068-AC1,d,243502,0,N,0.000
NA-CI-P,Sodio,243502,8.76,N,8.759
NTRAT-CI-P,Nitratos,243502,1.79,N,1.790
NTRIT-CI-P,Nitritos,243502,<0.15,N,0.000
OXOANIONES,Bromato,243502,<2.5,N,0.000
OXOANIONES,Clorato,243502,0.130,N,0.130
OXOANIONES,Clorito,243502,<0.025,N,0.000
PE-IL-TEMP,Temperatura del agua,243502,7.7,N,7.700
SULFA-CI-P,Sulfatos,243502,19.4,N,19.370
THM-GCMS,Cloroformo,243502,17.8,N,17.800
AMONI-CI-P,Amonio,243503,<0.15,N,0.000
WMM-LM-CAM,Cloro libre residual,243503,<0.10,N,0.000
D_CONDUCT,Conductividad a 20 ºC,243503,254,N,253.900
D_OXIDABIL,Oxidabilidad,243503,0.66,N,0.660
D_PH,pH,243503,8.08,N,8.080
D_TURBIDEZ,Turbidez,243503,<0.4,N,0.120
FECHA-AMB,Fecha comienzo de los ensayos,243503,03/02/2026,T,0.000
FECHA-AMB,Fecha fin de los ensayos,243503,04/02/2026,T,0.000
FECHA-MI,Fecha comienzo de los ensayos,243503,03/02/2026,T,0.000
FECHA-MI,Fecha fin de los ensayos,243503,06/02/2026,T,0.000
M-013-AC1,Recuento de enterococos intestinales,243503,0,N,0.000
M-016-AC1,Recuento de E. coli,243503,0,N,0.000
M-016-AC1,Recuento de bacterias coliformes,243503,0,N,0.000
M-030-AC1,Recuento C. perfringens (con esporas),243503,0,N,0.000
M-068-AC1,Microorganismos cultivables a 22 °C,243503,<1,N,1.000
M-068-AC1,Microorganismos cultivables a 22 ºC,243503,0.0,K,0.000
M-068-AC1,P1,243503,0,N,0.000
M-068-AC1,P2,243503,0,N,0.000
M-068-AC1,Recuento,243503,0,K,0.000
M-068-AC1,d,243503,0,N,0.000
NA-CI-P,Sodio,243503,8.87,N,8.871
NTRAT-CI-P,Nitratos,243503,1.78,N,1.780
NTRIT-CI-P,Nitritos,243503,<0.15,N,0.000
OXOANIONES,Bromato,243503,<2.5,N,0.000
OXOANIONES,Clorato,243503,0.130,N,0.130
OXOANIONES,Clorito,243503,<0.025,N,0.000
PE-IL-TEMP,Temperatura del agua,243503,7.5,N,7.500
SULFA-CI-P,Sulfatos,243503,19.3,N,19.280
THM-GCMS,Bromodiclorometano,243503,7.7,N,7.700
THM-GCMS,Bromoformo,243503,<5.0,N,0.000
THM-GCMS,Cloroformo,243503,14.0,N,14.000
THM-GCMS,Dibromoclorometano,243503,<5.0,N,4.300
THM-GCMS,Suma Trihalometanos,243503,26.1,N,26.070
WMM-LM-CAM,Cloro combinado residual,243503,<0.10,N,0.090
CLORU-CI-P,Cloruros,243503,14.00,N,14.000
OXOANIONES,Bromato,243504,<2.5,N,0.000
NTRIT-CI-P,Nitritos,243504,<0.15,N,0.000
OXOANIONES,Clorito,243504,<0.025,N,0.000
PE-IL-TEMP,Temperatura del agua,243504,9.0,N,9.000
SULFA-CI-P,Sulfatos,243504,9.2,N,9.160
THM-GCMS,Bromodiclorometano,243504,<5.0,N,4.100
THM-GCMS,Bromoformo,243504,<5.0,N,0.000
THM-GCMS,Cloroformo,243504,21.5,N,21.500
THM-GCMS,Dibromoclorometano,243504,<5.0,N,0.800
THM-GCMS,Suma Trihalometanos,243504,26.5,N,26.490
WMM-LM-CAM,Cloro combinado residual,243504,0.14,N,0.140
WMM-LM-CAM,Cloro libre residual,243504,0.18,N,0.180
AMONI-CI-P,Amonio,243504,<0.15,N,0.000
CLORU-CI-P,Cloruros,243504,7.13,N,7.130
D_CONDUCT,Conductividad a 20 ºC,243504,468,N,467.700
D_OXIDABIL,Oxidabilidad,243504,1.86,N,1.860
D_PH,pH,243504,7.81,N,7.810
D_TURBIDEZ,Turbidez,243504,0.5,N,0.540
FECHA-AMB,Fecha comienzo de los ensayos,243504,03/02/2026,T,0.000
FECHA-AMB,Fecha fin de los ensayos,243504,04/02/2026,T,0.000
FECHA-MI,Fecha comienzo de los ensayos,243504,03/02/2026,T,0.000
FECHA-MI,Fecha fin de los ensayos,243504,06/02/2026,T,0.000
M-013-AC1,Recuento de enterococos intestinales,243504,0,N,0.000
M-016-AC1,Recuento de E. coli,243504,0,N,0.000
M-016-AC1,Recuento de bacterias coliformes,243504,0,N,0.000
M-030-AC1,Recuento C. perfringens (con esporas),243504,0,N,0.000
M-068-AC1,Microorganismos cultivables a 22 ºC,243504,2.0,K,2.000
M-068-AC1,P1,243504,2,N,2.000
M-068-AC1,P2,243504,0,N,0.000
M-068-AC1,Recnto. Microorg. cultivables a  22 ºC,243504,Presencia /ml,O,0.000
M-068-AC1,Recuento,243504,2,K,2.000
M-068-AC1,d,243504,0,N,0.000
NA-CI-P,Sodio,243504,4.44,N,4.438
NTRAT-CI-P,Nitratos,243504,7.10,N,7.100
OXOANIONES,Clorato,243504,0.200,N,0.200
AMONI-CI-P,Amonio,243505,<0.15,N,0.000
WMM-LM-CAM,Cloro libre residual,243505,<0.10,N,0.000
D_CONDUCT,Conductividad a 20 ºC,243505,466,N,465.800
D_OXIDABIL,Oxidabilidad,243505,1.65,N,1.650
D_PH,pH,243505,7.92,N,7.920
D_TURBIDEZ,Turbidez,243505,0.9,N,0.890
FECHA-AMB,Fecha comienzo de los ensayos,243505,03/02/2026,T,0.000
FECHA-AMB,Fecha fin de los ensayos,243505,04/02/2026,T,0.000
FECHA-MI,Fecha comienzo de los ensayos,243505,03/02/2026,T,0.000
FECHA-MI,Fecha fin de los ensayos,243505,06/02/2026,T,0.000
M-013-AC1,Recuento de enterococos intestinales,243505,0,N,0.000
M-016-AC1,Recuento de E. coli,243505,0,N,0.000
M-016-AC1,Recuento de bacterias coliformes,243505,0,N,0.000
M-030-AC1,Recuento C. perfringens (con esporas),243505,0,N,0.000
M-068-AC1,Microorganismos cultivables a 22 ºC,243505,3.0,K,3.000
M-068-AC1,P1,243505,3,N,3.000
M-068-AC1,P2,243505,0,N,0.000
M-068-AC1,Recnto. Microorg. cultivables a 22 ºC,243505,Estimado 3 ufc/ ml,O,0.000
M-068-AC1,Recuento,243505,3,K,3.000
M-068-AC1,d,243505,0,N,0.000
NA-CI-P,Sodio,243505,4.03,N,4.031
NTRAT-CI-P,Nitratos,243505,8.15,N,8.150
NTRIT-CI-P,Nitritos,243505,<0.15,N,0.000
OXOANIONES,Bromato,243505,<2.5,N,0.000
OXOANIONES,Clorato,243505,0.190,N,0.190
OXOANIONES,Clorito,243505,<0.025,N,0.000
PE-IL-TEMP,Temperatura del agua,243505,8.1,N,8.100
SULFA-CI-P,Sulfatos,243505,9.8,N,9.770
THM-GCMS,Bromodiclorometano,243505,5.1,N,5.100
THM-GCMS,Bromoformo,243505,<5.0,N,0.000
THM-GCMS,Cloroformo,243505,24.6,N,24.600
THM-GCMS,Dibromoclorometano,243505,<5.0,N,0.900
THM-GCMS,Suma Trihalometanos,243505,30.7,N,30.690
WMM-LM-CAM,Cloro combinado residual,243505,0.10,N,0.100
CLORU-CI-P,Cloruros,243505,7.07,N,7.070
M-068-AC1,Recnto. Microorg. cultivables a 22 ºC,243506,Estimado 4 ufc/ ml,O,0.000
M-068-AC1,Recuento,243506,4,K,4.000
M-068-AC1,d,243506,0,N,0.000
NA-CI-P,Sodio,243506,8.11,N,8.107
NTRAT-CI-P,Nitratos,243506,1.82,N,1.820
NTRIT-CI-P,Nitritos,243506,<0.15,N,0.000
OXOANIONES,Bromato,243506,<2.5,N,0.000
OXOANIONES,Clorato,243506,0.090,N,0.090
OXOANIONES,Clorito,243506,<0.025,N,0.000
PE-IL-TEMP,Temperatura del agua,243506,7.6,N,7.600
SULFA-CI-P,Sulfatos,243506,18.4,N,18.430
THM-GCMS,Bromodiclorometano,243506,<5.0,N,4.100
THM-GCMS,Bromoformo,243506,<5.0,N,0.000
THM-GCMS,Cloroformo,243506,9.6,N,9.600
THM-GCMS,Dibromoclorometano,243506,<5.0,N,2.400
THM-GCMS,Suma Trihalometanos,243506,16.1,N,16.050
WMM-LM-CAM,Cloro combinado residual,243506,0.14,N,0.140
WMM-LM-CAM,Cloro libre residual,243506,<0.10,N,0.000
AMONI-CI-P,Amonio,243506,<0.15,N,0.000
CLORU-CI-P,Cloruros,243506,13.14,N,13.140
D_CONDUCT,Conductividad a 20 ºC,243506,248,N,247.900
D_OXIDABIL,Oxidabilidad,243506,0.99,N,0.990
D_PH,pH,243506,8.02,N,8.020
D_TURBIDEZ,Turbidez,243506,0.8,N,0.760
FECHA-AMB,Fecha comienzo de los ensayos,243506,03/02/2026,T,0.000
FECHA-AMB,Fecha fin de los ensayos,243506,04/02/2026,T,0.000
FECHA-MI,Fecha comienzo de los ensayos,243506,03/02/2026,T,0.000
FECHA-MI,Fecha fin de los ensayos,243506,06/02/2026,T,0.000
M-013-AC1,Recuento de enterococos intestinales,243506,0,N,0.000
M-016-AC1,Recuento de E. coli,243506,0,N,0.000
M-016-AC1,Recuento de bacterias coliformes,243506,0,N,0.000
M-030-AC1,Recuento C. perfringens (con esporas),243506,0,N,0.000
M-068-AC1,Microorganismos cultivables a 22 ºC,243506,4.0,K,4.000
M-068-AC1,P1,243506,4,N,4.000
M-068-AC1,P2,243506,0,N,0.000
AMONI-CI-P,Amonio,243507,<0.15,N,0.000
WMM-LM-CAM,Cloro libre residual,243507,0.62,N,0.620
D_CONDUCT,Conductividad a 20 ºC,243507,249,N,249.100
D_OXIDABIL,Oxidabilidad,243507,<0.50,N,0.490
D_PH,pH,243507,8.10,N,8.100
D_TURBIDEZ,Turbidez,243507,<0.4,N,0.240
FECHA-AMB,Fecha comienzo de los ensayos,243507,03/02/2026,T,0.000
FECHA-AMB,Fecha fin de los ensayos,243507,04/02/2026,T,0.000
FECHA-MI,Fecha comienzo de los ensayos,243507,03/02/2026,T,0.000
FECHA-MI,Fecha fin de los ensayos,243507,06/02/2026,T,0.000
M-013-AC1,Recuento de enterococos intestinales,243507,0,N,0.000
M-016-AC1,Recuento de E. coli,243507,0,N,0.000
M-016-AC1,Recuento de bacterias coliformes,243507,0,N,0.000
M-030-AC1,Recuento C. perfringens (con esporas),243507,0,N,0.000
M-068-AC1,Microorganismos cultivables a 22 ºC,243507,2.0,K,2.000
M-068-AC1,P1,243507,2,N,2.000
M-068-AC1,P2,243507,0,N,0.000
M-068-AC1,Recnto. Microorg. cultivables a  22 ºC,243507,Presencia /ml,O,0.000
M-068-AC1,Recuento,243507,2,K,2.000
M-068-AC1,d,243507,0,N,0.000
NA-CI-P,Sodio,243507,9.00,N,8.998
NTRAT-CI-P,Nitratos,243507,1.81,N,1.810
NTRIT-CI-P,Nitritos,243507,<0.15,N,0.000
OXOANIONES,Bromato,243507,<2.5,N,0.000
OXOANIONES,Clorato,243507,0.290,N,0.290
OXOANIONES,Clorito,243507,<0.025,N,0.000
PE-IL-TEMP,Temperatura del agua,243507,8.9,N,8.900
SULFA-CI-P,Sulfatos,243507,17.9,N,17.880
THM-GCMS,Bromodiclorometano,243507,6.7,N,6.700
THM-GCMS,Bromoformo,243507,<5.0,N,0.000
THM-GCMS,Cloroformo,243507,15.1,N,15.100
THM-GCMS,Dibromoclorometano,243507,<5.0,N,3.500
THM-GCMS,Suma Trihalometanos,243507,25.3,N,25.280
WMM-LM-CAM,Cloro combinado residual,243507,0.11,N,0.110
CLORU-CI-P,Cloruros,243507,13.99,N,13.990
AMONI-CI-P,Amonio,243514,<0.15,N,0.000
WMM-LM-CAM,Cloro libre residual,243514,<0.10,N,0.000
D_CONDUCT,Conductividad a 20 ºC,243514,164,N,163.600
D_OXIDABIL,Oxidabilidad,243514,1.08,N,1.080
D_PH,pH,243514,8.19,N,8.190
D_TURBIDEZ,Turbidez,243514,0.56,N,0.560
FECHA-AMB,Fecha comienzo de los ensayos,243514,04/02/2026,T,0.000
FECHA-AMB,Fecha fin de los ensayos,243514,05/02/2026,T,0.000
FECHA-MI,Fecha comienzo de los ensayos,243514,04/02/2026,T,0.000
FECHA-MI,Fecha fin de los ensayos,243514,06/02/2026,T,0.000
M-013-AC1,Recuento de enterococos intestinales,243514,0,N,0.000
M-016-AC1,Recuento de E. coli,243514,0,N,0.000
M-016-AC1,Recuento de bacterias coliformes,243514,0,N,0.000
M-030-AC1,Recuento C. perfringens (con esporas),243514,0,N,0.000
NA-CI-P,Sodio,243514,2.62,N,2.623
NTRAT-CI-P,Nitratos,243514,1.14,N,1.140
NTRIT-CI-P,Nitritos,243514,<0.15,N,0.050
OXOANIONES,Bromato,243514,<2.5,N,0.000
OXOANIONES,Clorato,243514,0.090,N,0.090
OXOANIONES,Clorito,243514,<0.025,N,0.000
PE-IL-TEMP,Temperatura del agua,243514,9.5,N,9.500
SULFA-CI-P,Sulfatos,243514,3.9,N,3.860
THM-GCMS,Bromodiclorometano,243514,<5.0,N,3.500
THM-GCMS,Bromoformo,243514,<5.0,N,0.000
THM-GCMS,Cloroformo,243514,38.5,N,38.500
THM-GCMS,Dibromoclorometano,243514,<5.0,N,1.000
THM-GCMS,Suma Trihalometanos,243514,43.0,N,42.970
WMM-LM-CAM,Cloro combinado residual,243514,<0.10,N,0.090
CLORU-CI-P,Cloruros,243514,4.21,N,4.210
AMONI-CI-P,Amonio,243515,<0.15,N,0.050
WMM-LM-CAM,Cloro libre residual,243515,0.21,N,0.210
D_CONDUCT,Conductividad a 20 ºC,243515,242,N,242.100
D_OXIDABIL,Oxidabilidad,243515,1.00,N,1.000
D_PH,pH,243515,7.94,N,7.940
D_TURBIDEZ,Turbidez,243515,<0.20,N,0.120
FECHA-AMB,Fecha comienzo de los ensayos,243515,04/02/2026,T,0.000
FECHA-AMB,Fecha fin de los ensayos,243515,05/02/2026,T,0.000
FECHA-MI,Fecha comienzo de los ensayos,243515,04/02/2026,T,0.000
FECHA-MI,Fecha fin de los ensayos,243515,09/02/2026,T,0.000
M-013-AC1,Recuento de enterococos intestinales,243515,0,N,0.000
M-016-AC1,Recuento de E. coli,243515,0,N,0.000
M-016-AC1,Recuento de bacterias coliformes,243515,0,N,0.000
M-030-AC1,Recuento C. perfringens (con esporas),243515,0,N,0.000
M-068-AC1,Microorganismos cultivables a 22 °C,243515,<1,N,1.000
M-068-AC1,Microorganismos cultivables a 22 ºC,243515,0.0,K,0.000
M-068-AC1,P1,243515,0,N,0.000
M-068-AC1,P2,243515,0,N,0.000
M-068-AC1,Recuento,243515,0,K,0.000
M-068-AC1,d,243515,0,N,0.000
NA-CI-P,Sodio,243515,8.45,N,8.446
NTRAT-CI-P,Nitratos,243515,1.86,N,1.860
NTRIT-CI-P,Nitritos,243515,<0.15,N,0.000
OXOANIONES,Bromato,243515,<2.5,N,0.000
OXOANIONES,Clorato,243515,0.090,N,0.090
OXOANIONES,Clorito,243515,<0.025,N,0.000
PE-IL-TEMP,Temperatura del agua,243515,10,N,10.000
SULFA-CI-P,Sulfatos,243515,18.6,N,18.630
THM-GCMS,Bromodiclorometano,243515,5.6,N,5.600
THM-GCMS,Bromoformo,243515,<5.0,N,0.000
THM-GCMS,Cloroformo,243515,12.9,N,12.900
THM-GCMS,Dibromoclorometano,243515,<5.0,N,2.900
THM-GCMS,Suma Trihalometanos,243515,21.4,N,21.410
WMM-LM-CAM,Cloro combinado residual,243515,0.28,N,0.280
CLORU-CI-P,Cloruros,243515,13.50,N,13.500
M-013-AC1,Recuento de enterococos intestinales,243516,0,N,0.000
WMM-LM-CAM,Cloro libre residual,243516,0.34,N,0.340
CLORU-CI-P,Cloruros,243516,13.61,N,13.610
D_CONDUCT,Conductividad a 20 ºC,243516,242,N,241.700
D_OXIDABIL,Oxidabilidad,243516,1.04,N,1.040
D_PH,pH,243516,7.94,N,7.940
D_TURBIDEZ,Turbidez,243516,<0.20,N,0.150
FECHA-AMB,Fecha comienzo de los ensayos,243516,04/02/2026,T,0.000
FECHA-AMB,Fecha fin de los ensayos,243516,05/02/2026,T,0.000
FECHA-MI,Fecha comienzo de los ensayos,243516,04/02/2026,T,0.000
FECHA-MI,Fecha fin de los ensayos,243516,09/02/2026,T,0.000
M-016-AC1,Recuento de E. coli,243516,0,N,0.000
M-016-AC1,Recuento de bacterias coliformes,243516,0,N,0.000
M-030-AC1,Recuento C. perfringens (con esporas),243516,0,N,0.000
M-068-AC1,Microorganismos cultivables a 22 °C,243516,<1,N,1.000
M-068-AC1,Microorganismos cultivables a 22 ºC,243516,0.0,K,0.000
M-068-AC1,P1,243516,0,N,0.000
M-068-AC1,P2,243516,0,N,0.000
M-068-AC1,Recuento,243516,0,K,0.000
M-068-AC1,d,243516,0,N,0.000
NA-CI-P,Sodio,243516,8.41,N,8.406
NTRAT-CI-P,Nitratos,243516,1.88,N,1.880
NTRIT-CI-P,Nitritos,243516,<0.15,N,0.000
OXOANIONES,Bromato,243516,<2.5,N,0.000
OXOANIONES,Clorato,243516,0.090,N,0.090
OXOANIONES,Clorito,243516,<0.025,N,0.000
PE-IL-TEMP,Temperatura del agua,243516,10.2,N,10.200
SULFA-CI-P,Sulfatos,243516,18.8,N,18.750
THM-GCMS,Bromodiclorometano,243516,5.8,N,5.800
THM-GCMS,Bromoformo,243516,<5.0,N,0.000
THM-GCMS,Cloroformo,243516,15.1,N,15.095
THM-GCMS,Dibromoclorometano,243516,<5.0,N,2.600
THM-GCMS,Suma Trihalometanos,243516,23.6,N,23.560
WMM-LM-CAM,Cloro combinado residual,243516,0.14,N,0.140
AMONI-CI-P,Amonio,243516,<0.15,N,0.050
AMONI-CI-P,Amonio,243517,<0.15,N,0.050
CLORU-CI-P,Cloruros,243517,13.62,N,13.620
D_CONDUCT,Conductividad a 20 ºC,243517,243,N,243.400
D_OXIDABIL,Oxidabilidad,243517,1.00,N,1.000
D_PH,pH,243517,7.97,N,7.970
D_TURBIDEZ,Turbidez,243517,<0.20,N,0.160
FECHA-AMB,Fecha comienzo de los ensayos,243517,04/02/2026,T,0.000
FECHA-AMB,Fecha fin de los ensayos,243517,05/02/2026,T,0.000
FECHA-MI,Fecha comienzo de los ensayos,243517,04/02/2026,T,0.000
FECHA-MI,Fecha fin de los ensayos,243517,09/02/2026,T,0.000
M-013-AC1,Recuento de enterococos intestinales,243517,0,N,0.000
M-016-AC1,Recuento de E. coli,243517,0,N,0.000
M-016-AC1,Recuento de bacterias coliformes,243517,0,N,0.000
M-030-AC1,Recuento C. perfringens (con esporas),243517,0,N,0.000
M-068-AC1,Microorganismos cultivables a 22 °C,243517,<1,N,1.000
M-068-AC1,Microorganismos cultivables a 22 ºC,243517,0.0,K,0.000
M-068-AC1,P1,243517,0,N,0.000
M-068-AC1,P2,243517,0,N,0.000
M-068-AC1,Recuento,243517,0,K,0.000
M-068-AC1,d,243517,0,N,0.000
NA-CI-P,Sodio,243517,8.42,N,8.419
NTRAT-CI-P,Nitratos,243517,1.86,N,1.860
NTRIT-CI-P,Nitritos,243517,<0.15,N,0.000
OXOANIONES,Bromato,243517,<2.5,N,0.000
OXOANIONES,Clorato,243517,0.090,N,0.090
OXOANIONES,Clorito,243517,<0.025,N,0.000
PE-IL-TEMP,Temperatura del agua,243517,10.1,N,10.100
SULFA-CI-P,Sulfatos,243517,18.8,N,18.790
THM-GCMS,Bromodiclorometano,243517,7.2,N,7.200
THM-GCMS,Bromoformo,243517,<5.0,N,0.000
THM-GCMS,Cloroformo,243517,15.9,N,15.912
THM-GCMS,Dibromoclorometano,243517,<5.0,N,3.100
THM-GCMS,Suma Trihalometanos,243517,26.1,N,26.130
WMM-LM-CAM,Cloro combinado residual,243517,0.20,N,0.200
WMM-LM-CAM,Cloro libre residual,243517,0.27,N,0.270
D_PH,pH,243518,7.96,N,7.960
WMM-LM-CAM,Cloro libre residual,243518,0.27,N,0.270
CLORU-CI-P,Cloruros,243518,13.62,N,13.620
D_CONDUCT,Conductividad a 20 ºC,243518,242,N,242.100
D_OXIDABIL,Oxidabilidad,243518,1.04,N,1.040
D_TURBIDEZ,Turbidez,243518,<0.20,N,0.110
FECHA-AMB,Fecha comienzo de los ensayos,243518,04/02/2026,T,0.000
FECHA-AMB,Fecha fin de los ensayos,243518,05/02/2026,T,0.000
FECHA-MI,Fecha comienzo de los ensayos,243518,04/02/2026,T,0.000
FECHA-MI,Fecha fin de los ensayos,243518,09/02/2026,T,0.000
M-013-AC1,Recuento de enterococos intestinales,243518,0,N,0.000
M-016-AC1,Recuento de E. coli,243518,0,N,0.000
M-016-AC1,Recuento de bacterias coliformes,243518,0,N,0.000
M-030-AC1,Recuento C. perfringens (con esporas),243518,0,N,0.000
M-068-AC1,Microorganismos cultivables a 22 °C,243518,<1,N,1.000
M-068-AC1,Microorganismos cultivables a 22 ºC,243518,0.0,K,0.000
M-068-AC1,P1,243518,0,N,0.000
M-068-AC1,P2,243518,0,N,0.000
M-068-AC1,Recuento,243518,0,K,0.000
M-068-AC1,d,243518,0,N,0.000
NA-CI-P,Sodio,243518,8.60,N,8.597
NTRAT-CI-P,Nitratos,243518,1.87,N,1.870
NTRIT-CI-P,Nitritos,243518,<0.15,N,0.000
OXOANIONES,Bromato,243518,<2.5,N,0.000
OXOANIONES,Clorato,243518,0.090,N,0.090
OXOANIONES,Clorito,243518,<0.025,N,0.000
PE-IL-TEMP,Temperatura del agua,243518,10.2,N,10.200
SULFA-CI-P,Sulfatos,243518,18.8,N,18.760
THM-GCMS,Bromodiclorometano,243518,5.6,N,5.600
THM-GCMS,Bromoformo,243518,<5.0,N,0.000
THM-GCMS,Cloroformo,243518,13.2,N,13.158
THM-GCMS,Dibromoclorometano,243518,<5.0,N,3.500
THM-GCMS,Suma Trihalometanos,243518,22.3,N,22.310
WMM-LM-CAM,Cloro combinado residual,243518,0.18,N,0.180
AMONI-CI-P,Amonio,243518,<0.15,N,0.050
WMM-LM-CAM,Cloro combinado residual,243519,0.20,N,0.200
THM-GCMS,Suma Trihalometanos,243519,30.5,N,30.500
AMONI-CI-P,Amonio,243519,<0.15,N,0.050
CLORU-CI-P,Cloruros,243519,13.67,N,13.670
D_CONDUCT,Conductividad a 20 ºC,243519,247,N,247.200
D_OXIDABIL,Oxidabilidad,243519,1.16,N,1.160
D_PH,pH,243519,7.98,N,7.980
D_TURBIDEZ,Turbidez,243519,<0.20,N,0.160
FECHA-AMB,Fecha comienzo de los ensayos,243519,04/02/2026,T,0.000
FECHA-AMB,Fecha fin de los ensayos,243519,05/02/2026,T,0.000
FECHA-MI,Fecha comienzo de los ensayos,243519,04/02/2026,T,0.000
FECHA-MI,Fecha fin de los ensayos,243519,09/02/2026,T,0.000
M-013-AC1,Recuento de enterococos intestinales,243519,0,N,0.000
M-016-AC1,Recuento de E. coli,243519,0,N,0.000
M-016-AC1,Recuento de bacterias coliformes,243519,0,N,0.000
M-030-AC1,Recuento C. perfringens (con esporas),243519,0,N,0.000
M-068-AC1,Microorganismos cultivables a 22 °C,243519,<1,N,1.000
M-068-AC1,Microorganismos cultivables a 22 ºC,243519,0.0,K,0.000
M-068-AC1,P1,243519,0,N,0.000
M-068-AC1,P2,243519,0,N,0.000
M-068-AC1,Recuento,243519,0,K,0.000
M-068-AC1,d,243519,0,N,0.000
NA-CI-P,Sodio,243519,8.49,N,8.490
NTRAT-CI-P,Nitratos,243519,1.85,N,1.850
NTRIT-CI-P,Nitritos,243519,<0.15,N,0.000
OXOANIONES,Bromato,243519,<2.5,N,0.000
OXOANIONES,Clorato,243519,0.090,N,0.090
OXOANIONES,Clorito,243519,<0.025,N,0.000
PE-IL-TEMP,Temperatura del agua,243519,8.3,N,8.300
SULFA-CI-P,Sulfatos,243519,19.1,N,19.090
THM-GCMS,Bromodiclorometano,243519,7.5,N,7.500
THM-GCMS,Bromoformo,243519,<5.0,N,0.000
THM-GCMS,Cloroformo,243519,19.3,N,19.346
THM-GCMS,Dibromoclorometano,243519,<5.0,N,3.700
WMM-LM-CAM,Cloro libre residual,243519,0.13,N,0.130
AMONI-CI-P,Amonio,243520,<0.15,N,0.050
WMM-LM-CAM,Cloro libre residual,243520,0.15,N,0.150
D_CONDUCT,Conductividad a 20 ºC,243520,246,N,246.300
D_OXIDABIL,Oxidabilidad,243520,1.08,N,1.080
D_PH,pH,243520,8.03,N,8.030
D_TURBIDEZ,Turbidez,243520,<0.20,N,0.120
FECHA-AMB,Fecha comienzo de los ensayos,243520,04/02/2026,T,0.000
FECHA-AMB,Fecha fin de los ensayos,243520,05/02/2026,T,0.000
FECHA-MI,Fecha comienzo de los ensayos,243520,04/02/2026,T,0.000
FECHA-MI,Fecha fin de los ensayos,243520,09/02/2026,T,0.000
M-013-AC1,Recuento de enterococos intestinales,243520,0,N,0.000
M-016-AC1,Recuento de E. coli,243520,0,N,0.000
M-016-AC1,Recuento de bacterias coliformes,243520,0,N,0.000
M-030-AC1,Recuento C. perfringens (con esporas),243520,0,N,0.000
M-068-AC1,Microorganismos cultivables a 22 °C,243520,<1,N,1.000
M-068-AC1,Microorganismos cultivables a 22 ºC,243520,0.0,K,0.000
M-068-AC1,P1,243520,0,N,0.000
M-068-AC1,P2,243520,0,N,0.000
M-068-AC1,Recuento,243520,0,K,0.000
M-068-AC1,d,243520,0,N,0.000
NA-CI-P,Sodio,243520,8.41,N,8.407
NTRAT-CI-P,Nitratos,243520,1.85,N,1.850
NTRIT-CI-P,Nitritos,243520,<0.15,N,0.000
OXOANIONES,Bromato,243520,<2.5,N,0.000
OXOANIONES,Clorato,243520,0.090,N,0.090
OXOANIONES,Clorito,243520,<0.025,N,0.000
PE-IL-TEMP,Temperatura del agua,243520,8.5,N,8.500
SULFA-CI-P,Sulfatos,243520,19.1,N,19.050
THM-GCMS,Bromodiclorometano,243520,7.5,N,7.500
THM-GCMS,Bromoformo,243520,<5.0,N,0.000
THM-GCMS,Cloroformo,243520,18.0,N,18.034
THM-GCMS,Dibromoclorometano,243520,<5.0,N,3.200
THM-GCMS,Suma Trihalometanos,243520,28.7,N,28.680
WMM-LM-CAM,Cloro combinado residual,243520,0.16,N,0.160
CLORU-CI-P,Cloruros,243520,13.68,N,13.680
M-068-AC1,P2,243521,0,N,0.000
M-068-AC1,Recuento,243521,0,K,0.000
M-068-AC1,d,243521,0,N,0.000
NA-CI-P,Sodio,243521,8.97,N,8.967
NTRAT-CI-P,Nitratos,243521,1.72,N,1.720
NTRIT-CI-P,Nitritos,243521,<0.15,N,0.000
OXOANIONES,Bromato,243521,<2.5,N,0.000
OXOANIONES,Clorato,243521,0.150,N,0.150
OXOANIONES,Clorito,243521,<0.025,N,0.000
PE-IL-TEMP,Temperatura del agua,243521,8.8,N,8.800
SULFA-CI-P,Sulfatos,243521,19.3,N,19.330
AMONI-CI-P,Amonio,243521,<0.15,N,0.050
CLORU-CI-P,Cloruros,243521,14.27,N,14.270
D_CONDUCT,Conductividad a 20 ºC,243521,255,N,255.100
D_OXIDABIL,Oxidabilidad,243521,1.04,N,1.040
D_PH,pH,243521,8.16,N,8.160
D_TURBIDEZ,Turbidez,243521,<0.20,N,0.110
FECHA-AMB,Fecha comienzo de los ensayos,243521,04/02/2026,T,0.000
FECHA-AMB,Fecha fin de los ensayos,243521,05/02/2026,T,0.000
FECHA-MI,Fecha comienzo de los ensayos,243521,04/02/2026,T,0.000
FECHA-MI,Fecha fin de los ensayos,243521,09/02/2026,T,0.000
M-013-AC1,Recuento de enterococos intestinales,243521,0,N,0.000
M-016-AC1,Recuento de E. coli,243521,0,N,0.000
M-016-AC1,Recuento de bacterias coliformes,243521,0,N,0.000
M-030-AC1,Recuento C. perfringens (con esporas),243521,0,N,0.000
M-068-AC1,Microorganismos cultivables a 22 °C,243521,<1,N,1.000
M-068-AC1,Microorganismos cultivables a 22 ºC,243521,0.0,K,0.000
M-068-AC1,P1,243521,0,N,0.000
THM-GCMS,Bromodiclorometano,243521,9.1,N,9.100
THM-GCMS,Bromoformo,243521,<5.0,N,0.000
THM-GCMS,Cloroformo,243521,25.3,N,25.300
THM-GCMS,Dibromoclorometano,243521,<5.0,N,3.800
THM-GCMS,Suma Trihalometanos,243521,38.2,N,38.180
WMM-LM-CAM,Cloro combinado residual,243521,0.17,N,0.170
WMM-LM-CAM,Cloro libre residual,243521,<0.10,N,0.040
OXOANIONES,Bromato,243522,<2.5,N,0.000
NTRIT-CI-P,Nitritos,243522,<0.15,N,0.000
OXOANIONES,Clorito,243522,<0.025,N,0.000
PE-IL-TEMP,Temperatura del agua,243522,7.5,N,7.500
SULFA-CI-P,Sulfatos,243522,18.9,N,18.910
THM-GCMS,Bromodiclorometano,243522,<5.0,N,0.900
THM-GCMS,Bromoformo,243522,<5.0,N,0.000
THM-GCMS,Cloroformo,243522,18.7,N,18.650
THM-GCMS,Dibromoclorometano,243522,<5.0,N,0.000
THM-GCMS,Suma Trihalometanos,243522,19.5,N,19.510
WMM-LM-CAM,Cloro combinado residual,243522,<0.10,N,0.000
WMM-LM-CAM,Cloro libre residual,243522,<0.10,N,0.000
AMONI-CI-P,Amonio,243522,<0.15,N,0.050
CLORU-CI-P,Cloruros,243522,13.96,N,13.960
D_CONDUCT,Conductividad a 20 ºC,243522,253,N,252.500
D_OXIDABIL,Oxidabilidad,243522,0.60,N,0.600
D_PH,pH,243522,8.63,N,8.630
D_TURBIDEZ,Turbidez,243522,<0.20,N,0.110
FECHA-AMB,Fecha comienzo de los ensayos,243522,04/02/2026,T,0.000
FECHA-AMB,Fecha fin de los ensayos,243522,05/02/2026,T,0.000
FECHA-MI,Fecha comienzo de los ensayos,243522,04/02/2026,T,0.000
FECHA-MI,Fecha fin de los ensayos,243522,6/02/2026,T,0.000
M-013-AC1,Recuento de enterococos intestinales,243522,0,N,0.000
M-016-AC1,Recuento de E. coli,243522,0,N,0.000
M-016-AC1,Recuento de bacterias coliformes,243522,0,N,0.000
M-030-AC1,Recuento C. perfringens (con esporas),243522,0,N,0.000
NA-CI-P,Sodio,243522,8.79,N,8.786
NTRAT-CI-P,Nitratos,243522,1.36,N,1.360
OXOANIONES,Clorato,243522,0.120,N,0.120
BIOCIDA,Biocida neutralizante,243523,tiosulfato sódico,T,0.000
BIOCIDA,Biocida nombre,243523,hipoclorito sódico,T,0.000
ENVASE,Envase,243523,Vidrio 500ml,O,0.000
FECHA-MI,Fecha comienzo de los ensayos,243523,05/02/2026,T,0.000
PE-IL-TEMP,Temperatura del agua,243523,45.8,N,45.800
M-021,Recuento,243523,>22726,N,22726.000
M-021,Recuento de Legionella pneumophila,243523,>2.3E+04,N,23000.000
M-021,Recuento transformado,243523,2.3E+04,K,23000.000
PE-IL-CL,Cloro libre,243523,0.0,N,0.000
FECHA-MI,Fecha fin de los ensayos,243523,12/02/2026,T,0.000
BIOCIDA,Biocida neutralizante,243524,tiosulfato sódico,T,0.000
BIOCIDA,Biocida nombre,243524,hipoclorito sódico,T,0.000
ENVASE,Envase,243524,Vidrio 500ml,O,0.000
FECHA-MI,Fecha comienzo de los ensayos,243524,05/02/2026,T,0.000
PE-IL-TEMP,Temperatura del agua,243524,46.8,N,46.800
M-021,Recuento,243524,123,N,123.000
M-021,Recuento de Legionella pneumophila,243524,120,N,120.000
M-021,Recuento transformado,243524,1.2E+02,K,120.000
PE-IL-CL,Cloro libre,243524,0.0,N,0.000
FECHA-MI,Fecha fin de los ensayos,243524,12/02/2026,T,0.000
BIOCIDA,Biocida neutralizante,243525,tiiosulfato sódico,T,0.000
BIOCIDA,Biocida nombre,243525,hipoclorito sódico,T,0.000
ENVASE,Envase,243525,Vidrio 500ml,O,0.000
FECHA-MI,Fecha comienzo de los ensayos,243525,05/02/2026,T,0.000
PE-IL-TEMP,Temperatura del agua,243525,58.5,N,58.500
M-021,Recuento,243525,<10,N,10.000
M-021,Recuento de Legionella pneumophila,243525,<10,N,10.000
M-021,Recuento transformado,243525,1.0E+01,K,10.000
PE-IL-CL,Cloro libre,243525,0.0,N,0.000
FECHA-MI,Fecha fin de los ensayos,243525,12/02/2026,T,0.000
BIOCIDA,Biocida neutralizante,243526,Tiosulfato sódico,T,0.000
BIOCIDA,Biocida nombre,243526,Hipoclorito sódico,T,0.000
ENVASE,Envase,243526,Vidrio 500ml,O,0.000
FECHA-MI,Fecha comienzo de los ensayos,243526,05/02/2026,T,0.000
PE-IL-TEMP,Temperatura del agua,243526,50.8,N,50.800
M-021,Recuento,243526,>22726,N,22726.000
M-021,Recuento de Legionella pneumophila,243526,>2.3E+04,N,23000.000
M-021,Recuento transformado,243526,2.3E+04,K,23000.000
PE-IL-CL,Cloro libre,243526,0.0,N,0.000
FECHA-MI,Fecha fin de los ensayos,243526,12/02/2026,T,0.000