Sampled date,Collected by,Collected from,Customer id,Date authorised,Description,Group id,Id Numeric,Id Text,Job Name,Motivo ekuis,Obser ekuis,Product,Reception notes,Record id,Sample name,Sample type,Sampling point,Table name,Template id,Test schedule,Enviable ekuis
"26-AUG-2025 09:56:00","NANCY     ","cocina                                                                                              ","LAB_MUN   ","16-SEP-2025 07:37:53","agua de grifo cocina (más cercano a caldera individual)                                             ","LM_CAMPO  ","    241026","LEGIONELLA-2025-8492          ","LEGIONELLA-2025     ","          ","                                                                                                    ","          ","                                                                                                    ","          ","Agua Caliente Sanitaria       ","AG_ACS    ","D-1148    ","          ","LEGIONELLA","LEGIO-IDEX"," "
"26-AUG-2025 10:01:00","NANCY     ","baño al lado de cocina                                                                              ","LAB_MUN   ","16-SEP-2025 07:37:59","agua de ducha                                                                                       ","LM_CAMPO  ","    241028","LEGIONELLA-2025-8493          ","LEGIONELLA-2025     ","          ","                                                                                                    ","          ","                                                                                                    ","          ","Agua Caliente Sanitaria       ","AG_ACS    ","D-1148    ","          ","LEGIONELLA","LEGIO-IDEX"," "
"26-AUG-2025 09:50:00","NANCY     ","baño adaptado más alejado del depósito                                                              ","LAB_MUN   ","16-SEP-2025 07:38:13","agua de ducha                                                                                       ","LM_CAMPO  ","    241031","LEGIONELLA-2025-8494          ","LEGIONELLA-2025     ","          ","                                                                                                    ","          ","                                                                                                    ","          ","Agua caliente sanitaria       ","AG_ACS    ","D-1148    ","          ","LEGIONELLA","LEGIO-IDEX"," "
"26-AUG-2025 11:15:00","NANCY     ","baño 2 (frente a habitación ricallor)                                                               ","LAB_MUN   ","16-SEP-2025 07:38:19","agua de ducha                                                                                       ","LM_CAMPO  ","    241035","LEGIONELLA-2025-8498          ","LEGIONELLA-2025     ","          ","                                                                                                    ","          ","                                                                                                    ","          ","Agua caliente sanitaria       ","AG_ACS    ","D-1149    ","          ","LEGIONELLA","LEGIO-IDEX"," "
"26-AUG-2025 11:10:00","NANCY     ","baño 1 cercano a oficina                                                                            ","LAB_MUN   ","16-SEP-2025 07:38:24","agua de ducha                                                                                       ","LM_CAMPO  ","    241036","LEGIONELLA-2025-8499          ","LEGIONELLA-2025     ","0         ","                                                                                                    ","          ","                                                                                                    ","          ","Agua caliente sanitaria       ","AG_ACS    ","D-1149    ","          ","LEGIONELLA","LEGIO-IDEX","E"
"26-AUG-2025 11:25:00","NANCY     ","baño 6                                                                                              ","LAB_MUN   ","16-SEP-2025 07:38:31","agua de ducha                                                                                       ","LM_CAMPO  ","    241037","LEGIONELLA-2025-8500          ","LEGIONELLA-2025     ","          ","                                                                                                    ","          ","                                                                                                    ","          ","Agua caliente sanitaria       ","AG_ACS    ","D-1149    ","          ","LEGIONELLA","LEGIO-IDEX"," "
"04-SEP-2025 07:55:00","NUMARTIN  ","ducha en domicilio C/ Puerto Rico 14                                                                ","LAB_MUN   ","22-SEP-2025 09:52:04","agua de ducha                                                                                       ","LM_CAMPO  ","    241174","LEGIONELLA-2025-8566          ","LEGIONELLA-2025     ","          ","Caso 012507                                                                                         ","          ","                                                                                                    ","          ","Agua Caliente Sanitaria       ","AG_ACS    ","LEGIO-000 ","          ","LEGIONELLA","LEGIO-IDEX"," "
"04-SEP-2025 08:20:00","NUMARTIN  ","depósito                                                                                            ","LAB_MUN   ","22-SEP-2025 09:52:10","agua de depósito                                                                                    ","LM_CAMPO  ","    241175","LEGIONELLA-2025-8567          ","LEGIONELLA-2025     ","          ","                                                                                                    ","          ","                                                                                                    ","          ","agua lavacoches               ","AG-LAVACO ","D-1147    ","          ","LEGIONELLA","LEGIO-PA-S"," "
"04-SEP-2025 08:50:00","NUMARTIN  ","lanza 2                                                                                             ","LAB_MUN   ","22-SEP-2025 09:52:17","agua de lanza 2                                                                                     ","LM_CAMPO  ","    241176","LEGIONELLA-2025-8568          ","LEGIONELLA-2025     ","          ","                                                                                                    ","          ","                                                                                                    ","          ","agua depósito                 ","AG-LAVACO ","D-1083    ","          ","LEGIONELLA","LEGIO-PA-S"," "
"04-SEP-2025 09:20:00","NUMARTIN  ","lanza 1                                                                                             ","LAB_MUN   ","22-SEP-2025 09:52:23","agua de depósito                                                                                    ","LM_CAMPO  ","    241177","LEGIONELLA-2025-8569          ","LEGIONELLA-2025     ","          ","                                                                                                    ","          ","                                                                                                    ","          ","Agua lavacoches               ","AG-LAVACO ","D-1079    ","          ","LEGIONELLA","LEGIO-PA-S"," "
"04-SEP-2025 09:30:00","NUMARTIN  ","lanza 1                                                                                             ","LAB_MUN   ","22-SEP-2025 09:52:29","agua de lavacoches                                                                                  ","LM_CAMPO  ","    241178","LEGIONELLA-2025-8570          ","LEGIONELLA-2025     ","          ","                                                                                                    ","          ","                                                                                                    ","          ","agua depósito                 ","AG-LAVACO ","D-1080    ","          ","LEGIONELLA","LEGIO-PA-S"," "
"10-SEP-2025 10:34:00","OSKAR     ","ducha baño fondo 1                                                                                  ","LAB_MUN   ","22-SEP-2025 10:51:00","agua de ducha                                                                                       ","LM_CAMPO  ","    241247","LEGIONELLA-2025-8577          ","LEGIONELLA-2025     ","          ","                                                                                                    ","          ","                                                                                                    ","          ","agua caliente sanitaria       ","AG_ACS    ","D-1150    ","          ","LEGIONELLA","LEGIO-IDEX"," "
"10-SEP-2025 10:40:00","OSKAR     ","ducha baño fondo 3                                                                                  ","LAB_MUN   ","22-SEP-2025 10:51:00","agua de ducha                                                                                       ","LM_CAMPO  ","    241248","LEGIONELLA-2025-8578          ","LEGIONELLA-2025     ","          ","                                                                                                    ","          ","                                                                                                    ","          ","agua caliente sanitaria       ","AG_ACS    ","D-1150    ","          ","LEGIONELLA","LEGIO-IDEX"," "
"10-SEP-2025 10:45:00","OSKAR     ","ducha baño pasillo 2                                                                                ","LAB_MUN   ","22-SEP-2025 10:51:00","agua de ducha                                                                                       ","LM_CAMPO  ","    241249","LEGIONELLA-2025-8579          ","LEGIONELLA-2025     ","          ","                                                                                                    ","          ","                                                                                                    ","          ","agua caliente sanitaria       ","AG_ACS    ","D-1150    ","          ","LEGIONELLA","LEGIO-IDEX"," "
"10-SEP-2025 09:53:00","OSKAR     ","ducha vest. masc planta 0 alejada                                                                   ","LAB_MUN   ","22-SEP-2025 10:51:00","agua de ducha                                                                                       ","LM_CAMPO  ","    241250","LEGIONELLA-2025-8580          ","LEGIONELLA-2025     ","          ","                                                                                                    ","          ","                                                                                                    ","          ","agua caliente sanitaria       ","AG_ACS    ","D-1154    ","          ","LEGIONELLA","LEGIO-IDEX"," "
"10-SEP-2025 10:03:00","NUMARTIN  ","ducha ap 310                                                                                        ","LAB_MUN   ","22-SEP-2025 10:51:00","agua de ducha                                                                                       ","LM_CAMPO  ","    241251","LEGIONELLA-2025-8581          ","LEGIONELLA-2025     ","          ","                                                                                                    ","          ","                                                                                                    ","          ","agua caliente sanitaria       ","AG_ACS    ","D-1154    ","          ","LEGIONELLA","LEGIO-IDEX"," "
"10-SEP-2025 10:10:00","NUMARTIN  ","ducha ap 502                                                                                        ","LAB_MUN   ","22-SEP-2025 10:51:00","agua de ducha                                                                                       ","LM_CAMPO  ","    241252","LEGIONELLA-2025-8582          ","LEGIONELLA-2025     ","          ","                                                                                                    ","          ","                                                                                                    ","          ","agua caliente sanitaria       ","AG_ACS    ","D-1154    ","          ","LEGIONELLA","LEGIO-IDEX"," "
"10-SEP-2025 11:10:00","OSKAR     ","ducha baño ático                                                                                    ","LAB_MUN   ","22-SEP-2025 10:51:00","agua de ducha                                                                                       ","LM_CAMPO  ","    241258","LEGIONELLA-2025-8586          ","LEGIONELLA-2025     ","          ","                                                                                                    ","          ","                                                                                                    ","          ","agua caliente sanitaria       ","AG_ACS    ","D-1152    ","          ","LEGIONELLA","LEGIO-IDEX"," "
"10-SEP-2025 11:20:00","OSKAR     ","ducha baño planta 1                                                                                 ","LAB_MUN   ","22-SEP-2025 10:51:00","agua de ducha                                                                                       ","LM_CAMPO  ","    241259","LEGIONELLA-2025-8587          ","LEGIONELLA-2025     ","          ","                                                                                                    ","          ","                                                                                                    ","          ","agua caliente sanitaria       ","AG_ACS    ","D-1152    ","          ","LEGIONELLA","LEGIO-IDEX"," "
"10-SEP-2025 11:25:00","OSKAR     ","ducha baño abajo planta 0                                                                           ","LAB_MUN   ","22-SEP-2025 10:51:00","agua de ducha                                                                                       ","LM_CAMPO  ","    241260","LEGIONELLA-2025-8588          ","LEGIONELLA-2025     ","          ","                                                                                                    ","          ","                                                                                                    ","          ","agua caliente sanitaria       ","AG_ACS    ","D-1152    ","          ","LEGIONELLA","LEGIO-IDEX"," "
